t,x,y,th,v_enc,om_enc,u_v,u_om,u_r,u_l,v_r,v_l,x_e,y_e,th_e,Kx,Ky,Kth,v_d,om_d
0.000780886,0,0,0,0,0,0,0,0,0,0,0,0,0,0,2,2,2,0.01,0.01
0.048826,0,0,0,0,0,6.12323e-19,2.05,113681,-113681,0,0,0,2,1.5708
0.0987012,0,0,0,-0,0,6.12323e-19,2.05,113681,-113681,-0,-0,0,2,1.5708
0.148695,0,0,0,-0,0,6.12323e-19,2.05,113681,-113681,-0,-0,0,2,1.5708
0.198713,0,0,0,-0,0,6.12323e-19,2.05,113681,-113681,-0,-0,0,2,1.5708
0.248751,0,0,0,-0,0,6.12323e-19,2.05,113681,-113681,-0,-0,0,2,1.5708
0.298748,0,0,0,-0,0,6.12323e-19,2.05,113681,-113681,-0,-0,0,2,1.5708
0.348712,0,0,0,-0,0,6.12323e-19,2.05,113681,-113681,-0,-0,0,2,1.5708
0.398706,0,0,0,-0,0,6.12323e-19,2.05,113681,-113681,-0,-0,0,2,1.5708
0.448717,0,0,0,-0,0,6.12323e-19,2.05,113681,-113681,-0,-0,0,2,1.5708
0.498744,0,0,0,-0,0,6.12323e-19,2.05,113681,-113681,-0,-0,0,2,1.5708
0.548705,0,0,0,-0,0,6.12323e-19,2.05,113681,-113681,-0,-0,0,2,1.5708
0.598693,0,0,0,-0,0,6.12323e-19,2.05,113681,-113681,-0,-0,0,2,1.5708
0.648701,-3.27184e-06,-0.00141273,0,-0.0282516,-0.0926283,6.54368e-06,2.05003,113684,-113682,-0.0565033,-0,3.27184e-06,2.00141,1.5708
0.698691,-1.30846e-05,-0.00282514,0,-0.0282516,-0.0926283,2.61692e-05,2.05006,113689,-113680,-0.0565033,-0,1.30846e-05,2.00283,1.5708
0.748723,-2.94559e-05,-0.00423878,0,-0.0282516,-0.0926283,5.89118e-05,2.05008,113697,-113675,-0.0565033,-0,2.94559e-05,2.00424,1.5708
0.798747,-5.23403e-05,-0.00565021,0,-0.0282516,-0.0926283,0.000104681,2.05011,113707,-113668,-0.0565033,-0,5.23403e-05,2.00565,1.5708
0.848754,-8.17826e-05,-0.00706263,0,-0.0282516,-0.0926283,0.000163565,2.05014,113719,-113659,-0.0565033,-0,8.17826e-05,2.00706,1.5708
0.89869,-0.000117751,-0.00847434,0,-0.0282516,-0.0926283,0.000235502,2.05017,113733,-113648,-0.0565033,-0,0.000117751,2.00847,1.5708
0.948691,-0.000160271,-0.00988635,0,-0.0282516,-0.0926283,0.000320543,2.0502,113750,-113634,-0.0565033,-0,0.000160271,2.00989,1.5708
0.998686,-0.000209328,-0.0112981,0,-0.0282516,-0.0926283,0.000418655,2.05023,113770,-113618,-0.0565033,-0,0.000209328,2.0113,1.5708
1.04875,-0.000264926,-0.0127096,0,-0.0282516,-0.0926283,0.000529852,2.05025,113792,-113599,-0.0565033,-0,0.000264926,2.01271,1.5708
1.09875,-0.000327069,-0.0141211,0,-0.0282516,-0.0926283,0.000654139,2.05028,113816,-113578,-0.0565033,-0,0.000327069,2.01412,1.5708
1.14871,-0.000395729,-0.0155319,0,-0.0282516,-0.0926283,0.000791459,2.05031,113842,-113555,-0.0565033,-0,0.000395729,2.01553,1.5708
1.19868,-0.000470923,-0.0169423,0,-0.0282516,-0.0926283,0.000941846,2.05034,113871,-113529,-0.0565033,-0,0.000470923,2.01694,1.5708
1.2487,-0.000552653,-0.0183525,0,-0.0282516,-0.0926283,0.00110531,2.05037,113903,-113501,-0.0565033,-0,0.000552653,2.01835,1.5708
1.29874,-0.000640993,-0.0197635,0,-0.0282516,-0.0926283,0.00128199,2.0504,113936,-113470,-0.0565033,-0,0.000640993,2.01976,1.5708
1.34874,-0.000735715,-0.0211718,0,-0.0282516,-0.0926283,0.00147143,2.05042,113972,-113437,-0.0565033,-0,0.000735715,2.02117,1.5708
1.39873,-0.000837023,-0.0225806,0,-0.0282516,-0.0926283,0.00167405,2.05045,114011,-113402,-0.0565033,-0,0.000837023,2.02258,1.5708
1.44879,-0.000944911,-0.0239897,0,-0.0282516,-0.0926283,0.00188982,2.05048,114051,-113364,-0.0565033,-0,0.000944911,2.02399,1.5708
1.49874,-0.00105927,-0.0253975,0,-0.0282516,-0.0926283,0.00211854,2.05051,114095,-113324,-0.0565033,-0,0.00105927,2.0254,1.5708
1.54875,-0.00118013,-0.0268046,0,-0.0282516,-0.0926283,0.00236025,2.05054,114140,-113282,-0.0565033,-0,0.00118013,2.0268,1.5708
1.5987,-0.00130755,-0.0282116,0,-0.0282516,-0.0926283,0.00261509,2.05056,114188,-113237,-0.0565033,-0,0.00130755,2.02821,1.5708
1.64868,-0.00144142,-0.0296174,0,-0.0282516,-0.0926283,0.00288285,2.05059,114238,-113190,-0.0565033,-0,0.00144142,2.02962,1.5708
1.6987,-0.00158187,-0.0310233,0,-0.0282516,-0.0926283,0.00316375,2.05062,114291,-113140,-0.0565033,-0,0.00158187,2.03102,1.5708
1.74874,-0.00172879,-0.032428,0,-0.0282516,-0.0926283,0.00345757,2.05065,114346,-113089,-0.0565033,-0,0.00172879,2.03243,1.5708
1.79871,-0.00188227,-0.0338325,0,-0.0282516,-0.0926283,0.00376453,2.05068,114403,-113034,-0.0565033,-0,0.00188227,2.03383,1.5708
1.84871,-0.00204222,-0.0352361,0,-0.0282516,-0.0926283,0.00408444,2.0507,114463,-112978,-0.0565033,-0,0.00204222,2.03524,1.5708
1.89869,-0.00220863,-0.0366386,0,-0.0282516,-0.0926283,0.00441726,2.05073,114525,-112919,-0.0565033,-0,0.00220863,2.03664,1.5708
1.94876,-0.00238155,-0.0380404,0,-0.0282516,-0.0926283,0.00476309,2.05076,114589,-112857,-0.0565033,-0,0.00238155,2.03804,1.5708
1.99876,-0.00256098,-0.0394416,0,-0.0282516,-0.0926283,0.00512196,2.05079,114656,-112794,-0.0565033,-0,0.00256098,2.03944,1.5708
2.0487,-0.00274689,-0.0408419,0,-0.0282516,-0.0926283,0.00549379,2.05082,114725,-112728,-0.0565033,-0,0.00274689,2.04084,1.5708
2.09868,-0.00293928,-0.0422412,0,-0.0282516,-0.0926283,0.00587856,2.05084,114797,-112659,-0.0565033,-0,0.00293928,2.04224,1.5708
2.14875,-0.00313819,-0.04364,0,-0.0282516,-0.0926283,0.00627638,2.05087,114871,-112588,-0.0565033,-0,0.00313819,2.04364,1.5708
2.19875,-0.00334354,-0.0450376,0,-0.0282516,-0.0926283,0.00668708,2.0509,114947,-112515,-0.0565033,-0,0.00334354,2.04504,1.5708
2.2487,-0.00355534,-0.046434,0,-0.0282516,-0.0926283,0.00711067,2.05093,115026,-112440,-0.0565033,-0,0.00355534,2.04643,1.5708
2.2987,-0.00377365,-0.0478298,0,-0.0282516,-0.0926283,0.0075473,2.05096,115106,-112362,-0.0565033,-0,0.00377365,2.04783,1.5708
2.34873,-0.00399858,-0.0492255,0,-0.0282516,-0.0926283,0.00799717,2.05098,115190,-112282,-0.0565033,-0,0.00399858,2.04923,1.5708
2.39875,-0.0042296,-0.0506179,0,-0.0282516,-0.0926283,0.00845921,2.05101,115275,-112199,-0.0565033,-0,0.0042296,2.05062,1.5708
2.44874,-0.00446724,-0.0520102,0,-0.0282516,-0.0926283,0.00893447,2.05104,115363,-112114,-0.0565033,-0,0.00446724,2.05201,1.5708
2.49872,-0.0047114,-0.0534018,0,-0.0282516,-0.0926283,0.00942279,2.05107,115454,-112027,-0.0565033,-0,0.0047114,2.0534,1.5708
2.54869,-0.00496186,-0.0547916,0,-0.0282516,-0.0926283,0.00992372,2.0511,115546,-111938,-0.0565033,-0,0.00496186,2.05479,1.5708
2.59874,-0.00521891,-0.0561809,0,-0.0282516,-0.0926283,0.0104378,2.05112,115641,-111846,-0.0565033,-0,0.00521891,2.05618,1.5708
2.6487,-0.00548226,-0.0575685,0,-0.0282516,-0.0926283,0.0109645,2.05115,115739,-111752,-0.0565033,-0,0.00548226,2.05757,1.5708
2.69869,-0.00575209,-0.058955,0,-0.0282516,-0.0926283,0.0115042,2.05118,115838,-111655,-0.0565033,-0,0.00575209,2.05896,1.5708
2.7487,-0.00602839,-0.0603405,0,-0.0282516,-0.0926283,0.0120568,2.05121,115940,-111556,-0.0565033,-0,0.00602839,2.06034,1.5708
2.79875,-0.00631108,-0.0617246,0,-0.0282516,-0.0926283,0.0126222,2.05123,116045,-111455,-0.0565033,-0,0.00631108,2.06172,1.5708
2.84873,-0.00660011,-0.0631071,0,-0.0282516,-0.0926283,0.0132002,2.05126,116151,-111351,-0.0565033,-0,0.00660011,2.06311,1.5708
2.8987,-0.00689563,-0.0644887,0,-0.0282516,-0.0926283,0.0137913,2.05129,116260,-111245,-0.0565033,-0,0.00689563,2.06449,1.5708
2.94879,-0.00719754,-0.0658688,0,-0.0282516,-0.0926283,0.0143951,2.05132,116372,-111137,-0.0565033,-0,0.00719754,2.06587,1.5708
2.99875,-0.00750592,-0.0672479,0,-0.0282516,-0.0926283,0.0150118,2.05134,116485,-111026,-0.0565033,-0,0.00750592,2.06725,1.5708
3.04876,-0.00782039,-0.0686242,0,-0.0282516,-0.0926283,0.0156408,2.05137,116601,-110914,-0.0565033,-0,0.00782039,2.06862,1.5708
3.0987,-0.00814135,-0.0699996,0,-0.0282516,-0.0926283,0.0162827,2.0514,116719,-110798,-0.0565033,-0,0.00814135,2.07,1.5708
3.14869,-0.0084688,-0.071374,0,-0.0282516,-0.0926283,0.0169376,2.05143,116840,-110681,-0.0565033,-0,0.0084688,2.07137,1.5708
3.1987,-0.0088025,-0.0727464,0,-0.0282516,-0.0926283,0.017605,2.05145,116963,-110561,-0.0565033,-0,0.0088025,2.07275,1.5708
3.24874,-0.00914254,-0.0741173,0,-0.0282516,-0.0926283,0.0182851,2.05148,117088,-110439,-0.0565033,-0,0.00914254,2.07412,1.5708
3.29874,-0.00948906,-0.075487,0,-0.0282516,-0.0926283,0.0189781,2.05151,117215,-110314,-0.0565033,-0,0.00948906,2.07549,1.5708
3.3487,-0.00984179,-0.0768546,0,-0.0282516,-0.0926283,0.0196836,2.05154,117345,-110188,-0.0565033,-0,0.00984179,2.07685,1.5708
3.39868,-0.0102009,-0.0782207,0,-0.0282516,-0.0926283,0.0204017,2.05156,117477,-110059,-0.0565033,-0,0.0102009,2.07822,1.5708
3.44875,-0.0105664,-0.0795856,0,-0.0282516,-0.0926283,0.0211328,2.05159,117612,-109927,-0.0565033,-0,0.0105664,2.07959,1.5708
3.49877,-0.0109382,-0.0809484,0,-0.0282516,-0.0926283,0.0218763,2.05162,117748,-109793,-0.0565033,-0,0.0109382,2.08095,1.5708
3.5487,-0.0113162,-0.0823092,0,-0.0282516,-0.0926283,0.0226323,2.05165,117887,-109658,-0.0565033,-0,0.0113162,2.08231,1.5708
3.5987,-0.0117006,-0.0836686,0,-0.0282516,-0.0926283,0.0234011,2.05167,118029,-109519,-0.0565033,-0,0.0117006,2.08367,1.5708
3.64868,-0.0120911,-0.0850258,0,-0.0282516,-0.0926283,0.0241822,2.0517,118172,-109379,-0.0565033,-0,0.0120911,2.08503,1.5708
3.69875,-0.0124881,-0.0863817,0,-0.0282516,-0.0926283,0.0249762,2.05173,118318,-109236,-0.0565033,-0,0.0124881,2.08638,1.5708
3.7487,-0.0128913,-0.0877354,0,-0.0282516,-0.0926283,0.0257826,2.05175,118466,-109091,-0.0565033,-0,0.0128913,2.08774,1.5708
3.7987,-0.0133008,-0.0890874,0,-0.0282516,-0.0926283,0.0266015,2.05178,118617,-108943,-0.0565033,-0,0.0133008,2.08909,1.5708
3.84875,-0.0137165,-0.0904376,0,-0.0282516,-0.0926283,0.0274331,2.05181,118769,-108794,-0.0565033,-0,0.0137165,2.09044,1.5708
3.89873,-0.0141384,-0.0917853,0,-0.0282516,-0.0926283,0.0282768,2.05184,118924,-108642,-0.0565033,-0,0.0141384,2.09179,1.5708
3.9487,-0.0145667,-0.0931315,0,-0.0282516,-0.0926283,0.0291333,2.05186,119081,-108488,-0.0565033,-0,0.0145667,2.09313,1.5708
3.99871,-0.0150011,-0.0944755,0,-0.0282516,-0.0926283,0.0300021,2.05189,119241,-108331,-0.0565033,-0,0.0150011,2.09448,1.5708
4.0487,-0.0154419,-0.095818,0,-0.0282516,-0.0926283,0.0308837,2.05192,119403,-108172,-0.0565033,-0,0.0154419,2.09582,1.5708
4.09874,-0.015889,-0.0971589,0,-0.0282516,-0.0926283,0.031778,2.05194,119567,-108011,-0.0565033,-0,0.015889,2.09716,1.5708
4.14873,-0.0163417,-0.0984956,0,-0.0282516,-0.0926283,0.0326834,2.05197,119733,-107848,-0.0565033,-0,0.0163417,2.0985,1.5708
4.19874,-0.0168011,-0.0998317,0,-0.0282516,-0.0926283,0.0336021,2.052,119901,-107682,-0.0565033,-0,0.0168011,2.09983,1.5708
4.24871,-0.0172665,-0.101165,0,-0.0282516,-0.0926283,0.034533,2.05202,120072,-107515,-0.0565033,-0,0.0172665,2.10117,1.5708
4.29871,-0.0177382,-0.102497,0,-0.0282516,-0.0926283,0.0354763,2.05205,120245,-107345,-0.0565033,-0,0.0177382,2.1025,1.5708
4.3487,-0.0182159,-0.103826,0,-0.0282516,-0.0926283,0.0364318,2.05208,120420,-107172,-0.0565033,-0,0.0182159,2.10383,1.5708
4.39872,-0.0187001,-0.105154,0,-0.0282516,-0.0926283,0.0374003,2.0521,120598,-106998,-0.0565033,-0,0.0187001,2.10515,1.5708
4.44884,-0.0191899,-0.106478,0,-0.0282516,-0.0926283,0.0383799,2.05213,120777,-106821,-0.0565033,-0,0.0191899,2.10648,1.5708
4.49877,-0.0196862,-0.107801,0,-0.0282516,-0.0926283,0.0393724,2.05216,120959,-106642,-0.0565033,-0,0.0196862,2.1078,1.5708
4.5487,-0.0201884,-0.109121,0,-0.0282516,-0.0926283,0.0403768,2.05218,121143,-106461,-0.0565033,-0,0.0201884,2.10912,1.5708
4.5987,-0.0206968,-0.110439,0,-0.0282516,-0.0926283,0.0413937,2.05221,121330,-106278,-0.0565033,-0,0.0206968,2.11044,1.5708
4.64869,-0.0212114,-0.111754,0,-0.0282516,-0.0926283,0.0424227,2.05224,121518,-106092,-0.0565033,-0,0.0212114,2.11175,1.5708
4.69874,-0.021732,-0.113067,0,-0.0282516,-0.0926283,0.043464,2.05226,121709,-105904,-0.0565033,-0,0.021732,2.11307,1.5708
4.74875,-0.0222587,-0.114378,0,-0.0282516,-0.0926283,0.0445174,2.05229,121902,-105714,-0.0565033,-0,0.0222587,2.11438,1.5708
4.7987,-0.0227915,-0.115687,0,-0.0282516,-0.0926283,0.045583,2.05231,122097,-105522,-0.0565033,-0,0.0227915,2.11569,1.5708
4.84869,-0.0233302,-0.116992,0,-0.0282516,-0.0926283,0.0466605,2.05234,122295,-105327,-0.0565033,-0,0.0233302,2.11699,1.5708
4.89868,-0.0238751,-0.118295,0,-0.0282516,-0.0926283,0.0477503,2.05237,122494,-105131,-0.0565033,-0,0.0238751,2.1183,1.5708
4.94875,-0.0244261,-0.119596,0,-0.0282516,-0.0926283,0.0488522,2.05239,122696,-104932,-0.0565033,-0,0.0244261,2.1196,1.5708
4.99876,-0.024983,-0.120895,0,-0.0282516,-0.0926283,0.049966,2.05242,122900,-104731,-0.0565033,-0,0.024983,2.12089,1.5708
5.04871,-0.0255459,-0.12219,0,-0.0282516,-0.0926283,0.0510917,2.05244,123106,-104527,-0.0565033,-0,0.0255459,2.12219,1.5708
5.0987,-0.0261148,-0.123483,0,-0.0282516,-0.0926283,0.0522296,2.05247,123314,-104322,-0.0565033,-0,0.0261148,2.12348,1.5708
5.14873,-0.0266902,-0.124775,0,-0.0282516,-0.0926283,0.0533804,2.0525,123525,-104114,-0.0565033,-0,0.0266902,2.12477,1.5708
5.19874,-0.0272705,-0.126061,0,-0.0282516,-0.0926283,0.0545409,2.05252,123738,-103904,-0.0565033,-0,0.0272705,2.12606,1.5708
5.24876,-0.0278574,-0.127346,0,-0.0282516,-0.0926283,0.0557149,2.05255,123952,-103692,-0.0565033,-0,0.0278574,2.12735,1.5708
5.29869,-0.02845,-0.128628,0,-0.0282516,-0.0926283,0.0569,2.05257,124169,-103478,-0.0565033,-0,0.02845,2.12863,1.5708
5.34871,-0.0290489,-0.129908,0,-0.0282516,-0.0926283,0.0580978,2.0526,124389,-103262,-0.0565033,-0,0.0290489,2.12991,1.5708
5.39869,-0.0296534,-0.131184,0,-0.0282516,-0.0926283,0.0593069,2.05262,124610,-103044,-0.0565033,-0,0.0296534,2.13118,1.5708
5.44869,-0.0302638,-0.132458,0,-0.0282516,-0.0926283,0.0605277,2.05265,124833,-102823,-0.0565033,-0,0.0302638,2.13246,1.5708
5.49875,-0.0308808,-0.13373,0,-0.0282516,-0.0926283,0.0617617,2.05267,125059,-102600,-0.0565033,-0,0.0308808,2.13373,1.5708
5.54875,-0.0315026,-0.134997,0,-0.0282516,-0.0926283,0.0630053,2.0527,125286,-102375,-0.0565033,-0,0.0315026,2.135,1.5708
5.5987,-0.0321308,-0.136262,0,-0.0282516,-0.0926283,0.0642616,2.05273,125516,-102148,-0.0565033,-0,0.0321308,2.13626,1.5708
5.64869,-0.0327648,-0.137525,0,-0.0282516,-0.0926283,0.0655297,2.05275,125748,-101919,-0.0565033,-0,0.0327648,2.13752,1.5708
5.6987,-0.0334047,-0.138784,0,-0.0282516,-0.0926283,0.0668094,2.05278,125982,-101688,-0.0565033,-0,0.0334047,2.13878,1.5708
5.74872,-0.0340505,-0.140041,0,-0.0282516,-0.0926283,0.068101,2.0528,126219,-101455,-0.0565033,-0,0.0340505,2.14004,1.5708
5.79875,-0.0347023,-0.141295,0,-0.0282516,-0.0926283,0.0694045,2.05283,126457,-101219,-0.0565033,-0,0.0347023,2.14129,1.5708
5.84874,-0.035359,-0.142544,0,-0.0282516,-0.0926283,0.0707181,2.05285,126697,-100981,-0.0565033,-0,0.035359,2.14254,1.5708
5.89873,-0.0360222,-0.143791,0,-0.0282516,-0.0926283,0.0720443,2.05288,126940,-100742,-0.0565033,-0,0.0360222,2.14379,1.5708
5.94878,-0.036691,-0.145035,0,-0.0282516,-0.0926283,0.073382,2.0529,127184,-100500,-0.0565033,-0,0.036691,2.14504,1.5708
5.99873,-0.0373657,-0.146277,0,-0.0282516,-0.0926283,0.0747315,2.05293,127431,-100256,-0.0565033,-0,0.0373657,2.14628,1.5708
6.04871,-0.038046,-0.147515,0,-0.0282516,-0.0926283,0.076092,2.05295,127680,-100010,-0.0565033,-0,0.038046,2.14751,1.5708
6.09874,-0.0387319,-0.148749,0,-0.0282516,-0.0926283,0.0774639,2.05297,127931,-99762,-0.0565033,-0,0.0387319,2.14875,1.5708
6.14873,-0.0394237,-0.149981,0,-0.0282516,-0.0926283,0.0788474,2.053,128183,-99512,-0.0565033,-0,0.0394237,2.14998,1.5708
6.1987,-0.0401213,-0.151209,0,-0.0282516,-0.0926283,0.0802426,2.05302,128438,-99259,-0.0565033,-0,0.0401213,2.15121,1.5708
6.24872,-0.0408245,-0.152435,0,-0.0282516,-0.0926283,0.0816491,2.05305,128696,-99005,-0.0565033,-0,0.0408245,2.15243,1.5708
6.2987,-0.0415333,-0.153656,0,-0.0282516,-0.0926283,0.0830665,2.05307,128955,-98749,-0.0565033,-0,0.0415333,2.15366,1.5708
6.34878,-0.0422478,-0.154875,0,-0.0282516,-0.0926283,0.0844957,2.0531,129216,-98490,-0.0565033,-0,0.0422478,2.15488,1.5708
6.39873,-0.0429677,-0.15609,0,-0.0282516,-0.0926283,0.0859355,2.05312,129479,-98230,-0.0565033,-0,0.0429677,2.15609,1.5708
6.44872,-0.0436935,-0.157302,0,-0.0282516,-0.0926283,0.0873871,2.05315,129744,-97967,-0.0565033,-0,0.0436935,2.1573,1.5708
6.49872,-0.044425,-0.158511,0,-0.0282516,-0.0926283,0.0888499,2.05317,130012,-97702,-0.0565033,-0,0.044425,2.15851,1.5708
6.54877,-0.0451619,-0.159716,0,-0.0282516,-0.0926283,0.0903238,2.05319,130281,-97436,-0.0565033,-0,0.0451619,2.15972,1.5708
6.59873,-0.0459042,-0.160917,0,-0.0282516,-0.0926283,0.0918084,2.05322,130552,-97167,-0.0565033,-0,0.0459042,2.16092,1.5708
6.6487,-0.0466524,-0.162116,0,-0.0282516,-0.0926283,0.0933048,2.05324,130825,-96897,-0.0565033,-0,0.0466524,2.16212,1.5708
6.6987,-0.0474059,-0.16331,0,-0.0282516,-0.0926283,0.0948118,2.05327,131101,-96624,-0.0565033,-0,0.0474059,2.16331,1.5708
6.74877,-0.0481652,-0.164502,0,-0.0282516,-0.0926283,0.0963303,2.05329,131378,-96349,-0.0565033,-0,0.0481652,2.1645,1.5708
6.79874,-0.0489297,-0.165689,0,-0.0282516,-0.0926283,0.0978593,2.05331,131658,-96072,-0.0565033,-0,0.0489297,2.16569,1.5708
6.8487,-0.0496999,-0.166874,0,-0.0282516,-0.0926283,0.0993997,2.05334,131939,-95794,-0.0565033,-0,0.0496999,2.16687,1.5708
6.89871,-0.0504755,-0.168054,0,-0.0282516,-0.0926283,0.100951,2.05336,132222,-95513,-0.0565033,-0,0.0504755,2.16805,1.5708
6.94877,-0.0512563,-0.169231,0,-0.0282516,-0.0926283,0.102513,2.05338,132508,-95230,-0.0565033,-0,0.0512563,2.16923,1.5708
6.99877,-0.052043,-0.170405,0,-0.0282516,-0.0926283,0.104086,2.05341,132795,-94945,-0.0565033,-0,0.052043,2.1704,1.5708
7.04872,-0.0528349,-0.171574,0,-0.0282516,-0.0926283,0.10567,2.05343,133084,-94659,-0.0565033,-0,0.0528349,2.17157,1.5708
7.09869,-0.0536323,-0.172741,0,-0.0282516,-0.0926283,0.107265,2.05345,133375,-94370,-0.0565033,-0,0.0536323,2.17274,1.5708
7.14871,-0.0544348,-0.173903,0,-0.0282516,-0.0926283,0.10887,2.05348,133669,-94080,-0.0565033,-0,0.0544348,2.1739,1.5708
7.19874,-0.0552437,-0.175062,0,-0.0282516,-0.0926283,0.110487,2.0535,133964,-93787,-0.0565033,-0,0.0552437,2.17506,1.5708
7.24878,-0.0560566,-0.176216,0,-0.0282516,-0.0926283,0.112113,2.05352,134261,-93492,-0.0565033,-0,0.0560566,2.17622,1.5708
7.29869,-0.0568752,-0.177367,0,-0.0282516,-0.0926283,0.11375,2.05355,134560,-93196,-0.0565033,-0,0.0568752,2.17737,1.5708
7.34869,-0.0576994,-0.178515,0,-0.0282516,-0.0926283,0.115399,2.05357,134861,-92898,-0.0565033,-0,0.0576994,2.17851,1.5708
7.3987,-0.0585288,-0.179658,0,-0.0282516,-0.0926283,0.117058,2.05359,135164,-92597,-0.0565033,-0,0.0585288,2.17966,1.5708
7.44879,-0.0593636,-0.180798,0,-0.0282516,-0.0926283,0.118727,2.05362,135468,-92295,-0.0565033,-0,0.0593636,2.1808,1.5708
7.49876,-0.0602043,-0.181934,0,-0.0282516,-0.0926283,0.120409,2.05364,135775,-91991,-0.0565033,-0,0.0602043,2.18193,1.5708
7.54876,-0.0610487,-0.183065,0,-0.0282516,-0.0926283,0.122097,2.05366,136084,-91685,-0.0565033,-0,0.0610487,2.18307,1.5708
7.59868,-0.0618992,-0.184193,0,-0.0282516,-0.0926283,0.123798,2.05368,136394,-91377,-0.0565033,-0,0.0618992,2.18419,1.5708
7.64873,-0.0627549,-0.185317,0,-0.0282516,-0.0926283,0.12551,2.05371,136707,-91067,-0.0565033,-0,0.0627549,2.18532,1.5708
7.69873,-0.0636163,-0.186438,0,-0.0282516,-0.0926283,0.127233,2.05373,137021,-90755,-0.0565033,-0,0.0636163,2.18644,1.5708
7.74877,-0.064482,-0.187553,0,-0.0282516,-0.0926283,0.128964,2.05375,137337,-90441,-0.0565033,-0,0.064482,2.18755,1.5708
7.79869,-0.0653529,-0.188665,0,-0.0282516,-0.0926283,0.130706,2.05377,137655,-90126,-0.0565033,-0,0.0653529,2.18866,1.5708
7.8487,-0.0662295,-0.189773,0,-0.0282516,-0.0926283,0.132459,2.0538,137975,-89808,-0.0565033,-0,0.0662295,2.18977,1.5708
7.8987,-0.067111,-0.190877,0,-0.0282516,-0.0926283,0.134222,2.05382,138297,-89489,-0.0565033,-0,0.067111,2.19088,1.5708
7.94877,-0.0679975,-0.191976,0,-0.0282516,-0.0926283,0.135995,2.05384,138620,-89168,-0.0565033,-0,0.0679975,2.19198,1.5708
7.99875,-0.068889,-0.193072,0,-0.0282516,-0.0926283,0.137778,2.05386,138946,-88845,-0.0565033,-0,0.068889,2.19307,1.5708
8.04872,-0.0697858,-0.194163,0,-0.0282516,-0.0926283,0.139572,2.05388,139273,-88520,-0.0565033,-0,0.0697858,2.19416,1.5708
8.09869,-0.0706876,-0.19525,0,-0.0282516,-0.0926283,0.141375,2.05391,139602,-88193,-0.0565033,-0,0.0706876,2.19525,1.5708
8.14878,-0.0715945,-0.196334,0,-0.0282516,-0.0926283,0.143189,2.05393,139933,-87865,-0.0565033,-0,0.0715945,2.19633,1.5708
8.19874,-0.0725061,-0.197412,0,-0.0282516,-0.0926283,0.145012,2.05395,140266,-87534,-0.0565033,-0,0.0725061,2.19741,1.5708
8.24877,-0.0734231,-0.198487,0,-0.0282516,-0.0926283,0.146846,2.05397,140601,-87202,-0.0565033,-0,0.0734231,2.19849,1.5708
8.29869,-0.0743446,-0.199557,0,-0.0282516,-0.0926283,0.148689,2.05399,140937,-86868,-0.0565033,-0,0.0743446,2.19956,1.5708
8.34869,-0.0752714,-0.200624,0,-0.0282516,-0.0926283,0.150543,2.05401,141275,-86532,-0.0565033,-0,0.0752714,2.20062,1.5708
8.39871,-0.0762032,-0.201686,0,-0.0282516,-0.0926283,0.152406,2.05403,141615,-86195,-0.0565033,-0,0.0762032,2.20169,1.5708
8.44877,-0.0771396,-0.202743,0,-0.0282516,-0.0926283,0.154279,2.05405,141957,-85855,-0.0565033,-0,0.0771396,2.20274,1.5708
8.49872,-0.0780812,-0.203796,0,-0.0282516,-0.0926283,0.156162,2.05408,142300,-85514,-0.0565033,-0,0.0780812,2.2038,1.5708
8.5487,-0.0790274,-0.204845,0,-0.0282516,-0.0926283,0.158055,2.0541,142646,-85171,-0.0565033,-0,0.0790274,2.20484,1.5708
8.5987,-0.0799786,-0.205889,0,-0.0282516,-0.0926283,0.159957,2.05412,142993,-84826,-0.0565033,-0,0.0799786,2.20589,1.5708
8.64878,-0.0809346,-0.206929,0,-0.0282516,-0.0926283,0.161869,2.05414,143341,-84480,-0.0565033,-0,0.0809346,2.20693,1.5708
8.6987,-0.0818951,-0.207965,0,-0.0282516,-0.0926283,0.16379,2.05416,143692,-84132,-0.0565033,-0,0.0818951,2.20796,1.5708
8.74874,-0.0828608,-0.208996,0,-0.0282516,-0.0926283,0.165722,2.05418,144044,-83782,-0.0565033,-0,0.0828608,2.209,1.5708
8.79868,-0.0838309,-0.210022,0,-0.0282516,-0.0926283,0.167662,2.0542,144398,-83430,-0.0565033,-0,0.0838309,2.21002,1.5708
8.84878,-0.0848061,-0.211044,0,-0.0282516,-0.0926283,0.169612,2.05422,144754,-83077,-0.0565033,-0,0.0848061,2.21104,1.5708
8.89873,-0.0857858,-0.212062,0,-0.0282516,-0.0926283,0.171572,2.05424,145111,-82722,-0.0565033,-0,0.0857858,2.21206,1.5708
8.94879,-0.0867704,-0.213075,0,-0.0282516,-0.0926283,0.173541,2.05426,145470,-82365,-0.0565033,-0,0.0867704,2.21307,1.5708
8.99875,-0.0877604,-0.214084,0,-0.0282516,-0.0926283,0.175521,2.05428,145831,-82006,-0.0565033,-0,0.0877604,2.21408,1.5708
9.04873,-0.0887533,-0.215087,0,-0.0282516,-0.0926283,0.177507,2.0543,146194,-81646,-0.0565033,-0,0.0887533,2.21509,1.5708
9.09871,-0.0897519,-0.216086,0,-0.0282516,-0.0926283,0.179504,2.05432,146558,-81284,-0.0565033,-0,0.0897519,2.21609,1.5708
9.14875,-0.0907552,-0.217081,0,-0.0282516,-0.0926283,0.18151,2.05434,146924,-80920,-0.0565033,-0,0.0907552,2.21708,1.5708
9.1987,-0.0917628,-0.218071,0,-0.0282516,-0.0926283,0.183526,2.05436,147291,-80555,-0.0565033,-0,0.0917628,2.21807,1.5708
9.24874,-0.0927751,-0.219056,0,-0.0282516,-0.0926283,0.18555,2.05438,147661,-80188,-0.0565033,-0,0.0927751,2.21906,1.5708
9.29875,-0.0937919,-0.220037,0,-0.0282516,-0.0926283,0.187584,2.0544,148031,-79819,-0.0565033,-0,0.0937919,2.22004,1.5708
9.34872,-0.094813,-0.221012,0,-0.0282516,-0.0926283,0.189626,2.05442,148404,-79449,-0.0565033,-0,0.094813,2.22101,1.5708
9.3987,-0.0958389,-0.221984,0,-0.0282516,-0.0926283,0.191678,2.05444,148778,-79077,-0.0565033,-0,0.0958389,2.22198,1.5708
9.44877,-0.0968693,-0.22295,0,-0.0282516,-0.0926283,0.193739,2.05446,149154,-78703,-0.0565033,-0,0.0968693,2.22295,1.5708
9.49875,-0.0979042,-0.223912,0,-0.0282516,-0.0926283,0.195808,2.05448,149531,-78328,-0.0565033,-0,0.0979042,2.22391,1.5708
9.54872,-0.0989433,-0.224868,0,-0.0282516,-0.0926283,0.197887,2.0545,149910,-77951,-0.0565033,-0,0.0989433,2.22487,1.5708
9.59869,-0.099987,-0.22582,0,-0.0282516,-0.0926283,0.199974,2.05452,150291,-77573,-0.0565033,-0,0.099987,2.22582,1.5708
9.64873,-0.101035,-0.226767,0,-0.0282516,-0.0926283,0.20207,2.05454,150673,-77193,-0.0565033,-0,0.101035,2.22677,1.5708
9.69873,-0.102088,-0.22771,0,-0.0282516,-0.0926283,0.204177,2.05455,151057,-76811,-0.0565033,-0,0.102088,2.22771,1.5708
9.74875,-0.103144,-0.228647,0,-0.0282516,-0.0926283,0.206289,2.05457,151442,-76428,-0.0565033,-0,0.103144,2.22865,1.5708
9.79874,-0.104205,-0.229579,0,-0.0282516,-0.0926283,0.208411,2.05459,151829,-76043,-0.0565033,-0,0.104205,2.22958,1.5708
9.84874,-0.105271,-0.230507,0,-0.0282516,-0.0926283,0.210542,2.05461,152217,-75657,-0.0565033,-0,0.105271,2.23051,1.5708
9.8987,-0.106341,-0.231429,0,-0.0282516,-0.0926283,0.212681,2.05463,152607,-75269,-0.0565033,-0,0.106341,2.23143,1.5708
9.94871,-0.107415,-0.232347,0,-0.0282516,-0.0926283,0.214829,2.05465,152999,-74879,-0.0565033,-0,0.107415,2.23235,1.5708
9.99878,-0.108493,-0.23326,0,-0.0282516,-0.0926283,0.216986,2.05467,153392,-74488,-0.0565033,-0,0.108493,2.23326,1.5708
10.0488,-0.109575,-0.234167,0,-0.0282516,-0.0926283,0.21915,2.05468,153786,-74095,-0.0565033,-0,0.109575,2.23417,1.5708
10.0987,-0.110662,-0.23507,0,-0.0282516,-0.0926283,0.221324,2.0547,154183,-73701,-0.0565033,-0,0.110662,2.23507,1.5708
10.1487,-0.111752,-0.235967,0,-0.0282516,-0.0926283,0.223505,2.05472,154580,-73306,-0.0565033,-0,0.111752,2.23597,1.5708
10.1987,-0.112848,-0.23686,0,-0.0282516,-0.0926283,0.225697,2.05474,154980,-72908,-0.0565033,-0,0.112848,2.23686,1.5708
10.2488,-0.113947,-0.237747,0,-0.0282516,-0.0926283,0.227893,2.05475,155380,-72510,-0.0565033,-0,0.113947,2.23775,1.5708
10.2988,-0.11505,-0.238629,0,-0.0282516,-0.0926283,0.2301,2.05477,155782,-72110,-0.0565033,-0,0.11505,2.23863,1.5708
10.3487,-0.116157,-0.239507,0,-0.0282516,-0.0926283,0.232314,2.05479,156186,-71708,-0.0565033,-0,0.116157,2.23951,1.5708
10.3987,-0.117268,-0.240379,0,-0.0282516,-0.0926283,0.234537,2.05481,156591,-71305,-0.0565033,-0,0.117268,2.24038,1.5708
10.4488,-0.118384,-0.241246,0,-0.0282516,-0.0926283,0.236768,2.05482,156997,-70900,-0.0565033,-0,0.118384,2.24125,1.5708
10.4988,-0.119503,-0.242107,0,-0.0282516,-0.0926283,0.239006,2.05484,157405,-70494,-0.0565033,-0,0.119503,2.24211,1.5708
10.5488,-0.120626,-0.242964,0,-0.0282516,-0.0926283,0.241253,2.05486,157815,-70087,-0.0565033,-0,0.120626,2.24296,1.5708
10.5987,-0.121753,-0.243815,0,-0.0282516,-0.0926283,0.243507,2.05488,158226,-69678,-0.0565033,-0,0.121753,2.24381,1.5708
10.6487,-0.122885,-0.244661,0,-0.0282516,-0.0926283,0.245769,2.05489,158638,-69267,-0.0565033,-0,0.122885,2.24466,1.5708
10.6987,-0.12402,-0.245502,0,-0.0282516,-0.0926283,0.248039,2.05491,159051,-68856,-0.0565033,-0,0.12402,2.2455,1.5708
10.7488,-0.12516,-0.246338,0,-0.0282516,-0.0926283,0.250319,2.05493,159467,-68442,-0.0565033,-0,0.12516,2.24634,1.5708
10.7988,-0.126301,-0.247168,0,-0.0282516,-0.0926283,0.252603,2.05494,159883,-68028,-0.0565033,-0,0.126301,2.24717,1.5708
10.8488,-0.127448,-0.247993,0,-0.0282516,-0.0926283,0.254896,2.05496,160301,-67612,-0.0565033,-0,0.127448,2.24799,1.5708
10.8987,-0.128598,-0.248812,0,-0.0282516,-0.0926283,0.257197,2.05498,160720,-67194,-0.0565033,-0,0.128598,2.24881,1.5708
10.9487,-0.129753,-0.249627,0,-0.0282516,-0.0926283,0.259505,2.05499,161141,-66775,-0.0565033,-0,0.129753,2.24963,1.5708
10.9987,-0.130911,-0.250435,0,-0.0282516,-0.0926283,0.261821,2.05501,161563,-66355,-0.0565033,-0,0.130911,2.25044,1.5708
11.0487,-0.132073,-0.25124,0,-0.0282516,-0.0926283,0.264147,2.05502,161986,-65933,-0.0565033,-0,0.132073,2.25124,1.5708
11.0988,-0.133238,-0.252037,0,-0.0282516,-0.0926283,0.266476,2.05504,162411,-65511,-0.0565033,-0,0.133238,2.25204,1.5708
11.1487,-0.134407,-0.25283,0,-0.0282516,-0.0926283,0.268814,2.05506,162837,-65086,-0.0565033,-0,0.134407,2.25283,1.5708
11.1987,-0.13558,-0.253618,0,-0.0282516,-0.0926283,0.27116,2.05507,163264,-64661,-0.0565033,-0,0.13558,2.25362,1.5708
11.2487,-0.136756,-0.254399,0,-0.0282516,-0.0926283,0.273512,2.05509,163693,-64234,-0.0565033,-0,0.136756,2.2544,1.5708
11.2987,-0.137936,-0.255176,0,-0.0282516,-0.0926283,0.275872,2.0551,164123,-63806,-0.0565033,-0,0.137936,2.25518,1.5708
11.3487,-0.13912,-0.255947,0,-0.0282516,-0.0926283,0.278241,2.05512,164554,-63376,-0.0565033,-0,0.13912,2.25595,1.5708
11.3987,-0.140307,-0.256712,0,-0.0282516,-0.0926283,0.280614,2.05513,164987,-62945,-0.0565033,-0,0.140307,2.25671,1.5708
11.4488,-0.141498,-0.257473,0,-0.0282516,-0.0926283,0.282996,2.05515,165420,-62513,-0.0565033,-0,0.141498,2.25747,1.5708
11.4987,-0.142692,-0.258227,0,-0.0282516,-0.0926283,0.285384,2.05516,165855,-62080,-0.0565033,-0,0.142692,2.25823,1.5708
11.5487,-0.143889,-0.258976,0,-0.0282516,-0.0926283,0.287779,2.05518,166292,-61645,-0.0565033,-0,0.143889,2.25898,1.5708
11.5987,-0.145091,-0.259719,0,-0.0282516,-0.0926283,0.290182,2.05519,166730,-61209,-0.0565033,-0,0.145091,2.25972,1.5708
11.6487,-0.146295,-0.260457,0,-0.0282516,-0.0926283,0.292591,2.05521,167168,-60772,-0.0565033,-0,0.146295,2.26046,1.5708
11.6987,-0.147503,-0.261189,0,-0.0282516,-0.0926283,0.295006,2.05522,167608,-60333,-0.0565033,-0,0.147503,2.26119,1.5708
11.7488,-0.148715,-0.261916,0,-0.0282516,-0.0926283,0.297429,2.05524,168050,-59894,-0.0565033,-0,0.148715,2.26192,1.5708
11.7987,-0.149929,-0.262637,0,-0.0282516,-0.0926283,0.299858,2.05525,168492,-59453,-0.0565033,-0,0.149929,2.26264,1.5708
11.8487,-0.151147,-0.263352,0,-0.0282516,-0.0926283,0.302295,2.05527,168936,-59011,-0.0565033,-0,0.151147,2.26335,1.5708
11.8987,-0.152369,-0.264062,0,-0.0282516,-0.0926283,0.304738,2.05528,169381,-58567,-0.0565033,-0,0.152369,2.26406,1.5708
11.9488,-0.153594,-0.264766,0,-0.0282516,-0.0926283,0.307187,2.0553,169827,-58123,-0.0565033,-0,0.153594,2.26477,1.5708
11.9988,-0.154823,-0.265465,0,-0.0282516,-0.0926283,0.309645,2.05531,170275,-57677,-0.0565033,-0,0.154823,2.26547,1.5708
12.0487,-0.156052,-0.266157,0,-0.0282516,-0.0926283,0.312105,2.05532,170723,-57230,-0.0565033,-0,0.156052,2.26616,1.5708
12.0988,-0.157287,-0.266844,0,-0.0282516,-0.0926283,0.314574,2.05534,171172,-56782,-0.0565033,-0,0.157287,2.26684,1.5708
12.1487,-0.158524,-0.267525,0,-0.0282516,-0.0926283,0.317048,2.05535,171623,-56333,-0.0565033,-0,0.158524,2.26753,1.5708
12.1987,-0.159765,-0.268201,0,-0.0282516,-0.0926283,0.319529,2.05536,172075,-55882,-0.0565033,-0,0.159765,2.2682,1.5708
12.2487,-0.161009,-0.268871,0,-0.0282516,-0.0926283,0.322017,2.05538,172528,-55431,-0.0565033,-0,0.161009,2.26887,1.5708
12.2987,-0.162255,-0.269535,0,-0.0282516,-0.0926283,0.324511,2.05539,172982,-54978,-0.0565033,-0,0.162255,2.26953,1.5708
12.3488,-0.163505,-0.270193,0,-0.0282516,-0.0926283,0.32701,2.0554,173437,-54525,-0.0565033,-0,0.163505,2.27019,1.5708
12.3987,-0.164758,-0.270845,0,-0.0282516,-0.0926283,0.329516,2.05542,173894,-54070,-0.0565033,-0,0.164758,2.27085,1.5708
12.4487,-0.166014,-0.271492,0,-0.0282516,-0.0926283,0.332028,2.05543,174351,-53614,-0.0565033,-0,0.166014,2.27149,1.5708
12.4987,-0.167273,-0.272133,0,-0.0282516,-0.0926283,0.334545,2.05544,174809,-53157,-0.0565033,-0,0.167273,2.27213,1.5708
12.5487,-0.168534,-0.272768,0,-0.0282516,-0.0926283,0.337069,2.05546,175269,-52699,-0.0565033,-0,0.168534,2.27277,1.5708
12.5987,-0.1698,-0.273397,0,-0.0282516,-0.0926283,0.3396,2.05547,175730,-52239,-0.0565033,-0,0.1698,2.2734,1.5708
12.6488,-0.171067,-0.27402,0,-0.0282516,-0.0926283,0.342134,2.05548,176191,-51779,-0.0565033,-0,0.171067,2.27402,1.5708
12.6987,-0.172337,-0.274637,0,-0.0282516,-0.0926283,0.344675,2.05549,176654,-51318,-0.0565033,-0,0.172337,2.27464,1.5708
12.7487,-0.173611,-0.275249,0,-0.0282516,-0.0926283,0.347222,2.0555,177118,-50855,-0.0565033,-0,0.173611,2.27525,1.5708
12.7987,-0.174887,-0.275854,0,-0.0282516,-0.0926283,0.349774,2.05552,177582,-50392,-0.0565033,-0,0.174887,2.27585,1.5708
12.8488,-0.176166,-0.276454,0,-0.0282516,-0.0926283,0.352332,2.05553,178048,-49928,-0.0565033,-0,0.176166,2.27645,1.5708
12.8987,-0.177448,-0.277048,0,-0.0282516,-0.0926283,0.354895,2.05554,178515,-49462,-0.0565033,-0,0.177448,2.27705,1.5708
12.9487,-0.178732,-0.277636,0,-0.0282516,-0.0926283,0.357464,2.05555,178983,-48996,-0.0565033,-0,0.178732,2.27764,1.5708
12.9987,-0.180019,-0.278217,0,-0.0282516,-0.0926283,0.360039,2.05556,179451,-48528,-0.0565033,-0,0.180019,2.27822,1.5708
13.0487,-0.18131,-0.278793,0,-0.0282516,-0.0926283,0.362619,2.05558,179921,-48060,-0.0565033,-0,0.18131,2.27879,1.5708
13.0988,-0.182602,-0.279363,0,-0.0282516,-0.0926283,0.365204,2.05559,180392,-47590,-0.0565033,-0,0.182602,2.27936,1.5708
13.1488,-0.183897,-0.279927,0,-0.0282516,-0.0926283,0.367794,2.0556,180863,-47120,-0.0565033,-0,0.183897,2.27993,1.5708
13.1987,-0.185195,-0.280485,0,-0.0282516,-0.0926283,0.370389,2.05561,181336,-46649,-0.0565033,-0,0.185195,2.28048,1.5708
13.2487,-0.186495,-0.281037,0,-0.0282516,-0.0926283,0.37299,2.05562,181809,-46177,-0.0565033,-0,0.186495,2.28104,1.5708
13.2987,-0.187799,-0.281583,0,-0.0282516,-0.0926283,0.375598,2.05563,182284,-45703,-0.0565033,-0,0.187799,2.28158,1.5708
13.3488,-0.189103,-0.282122,0,-0.0282516,-0.0926283,0.378207,2.05564,182759,-45229,-0.0565033,-0,0.189103,2.28212,1.5708
13.3987,-0.190411,-0.282656,0,-0.0282516,-0.0926283,0.380822,2.05565,183235,-44754,-0.0565033,-0,0.190411,2.28266,1.5708
13.4488,-0.191722,-0.283184,0,-0.0282516,-0.0926283,0.383443,2.05566,183712,-44278,-0.0565033,-0,0.191722,2.28318,1.5708
13.4987,-0.193034,-0.283705,0,-0.0282516,-0.0926283,0.386069,2.05567,184190,-43802,-0.0565033,-0,0.193034,2.28371,1.5708
13.5488,-0.194351,-0.284221,0,-0.0282516,-0.0926283,0.388701,2.05568,184669,-43324,-0.0565033,-0,0.194351,2.28422,1.5708
13.5987,-0.195667,-0.28473,0,-0.0282516,-0.0926283,0.391334,2.05569,185149,-42845,-0.0565033,-0,0.195667,2.28473,1.5708
13.6487,-0.196987,-0.285234,0,-0.0282516,-0.0926283,0.393974,2.0557,185629,-42366,-0.0565033,-0,0.196987,2.28523,1.5708
13.6987,-0.198309,-0.285731,0,-0.0282516,-0.0926283,0.396618,2.05571,186110,-41886,-0.0565033,-0,0.198309,2.28573,1.5708
13.7487,-0.199634,-0.286222,0,-0.0282516,-0.0926283,0.399267,2.05572,186593,-41405,-0.0565033,-0,0.199634,2.28622,1.5708
13.7987,-0.20096,-0.286707,0,-0.0282516,-0.0926283,0.40192,2.05573,187076,-40923,-0.0565033,-0,0.20096,2.28671,1.5708
13.8487,-0.202289,-0.287186,0,-0.0282516,-0.0926283,0.404578,2.05574,187559,-40440,-0.0565033,-0,0.202289,2.28719,1.5708
13.8987,-0.20362,-0.287658,0,-0.0282516,-0.0926283,0.40724,2.05575,188044,-39957,-0.0565033,-0,0.20362,2.28766,1.5708
13.9487,-0.204954,-0.288125,0,-0.0282516,-0.0926283,0.409908,2.05576,188529,-39472,-0.0565033,-0,0.204954,2.28812,1.5708
13.9987,-0.206289,-0.288585,0,-0.0282516,-0.0926283,0.412578,2.05577,189015,-38987,-0.0565033,-0,0.206289,2.28858,1.5708
14.0488,-0.207628,-0.289039,0,-0.0282516,-0.0926283,0.415256,2.05578,189503,-38501,-0.0565033,-0,0.207628,2.28904,1.5708
14.0988,-0.208967,-0.289487,0,-0.0282516,-0.0926283,0.417933,2.05579,189990,-38014,-0.0565033,-0,0.208967,2.28949,1.5708
14.1487,-0.210308,-0.289929,0,-0.0282516,-0.0926283,0.420617,2.0558,190478,-37527,-0.0565033,-0,0.210308,2.28993,1.5708
14.1987,-0.211652,-0.290364,0,-0.0282516,-0.0926283,0.423304,2.05581,190968,-37039,-0.0565033,-0,0.211652,2.29036,1.5708
14.2487,-0.212998,-0.290793,0,-0.0282516,-0.0926283,0.425996,2.05582,191457,-36550,-0.0565033,-0,0.212998,2.29079,1.5708
14.2987,-0.214346,-0.291216,0,-0.0282516,-0.0926283,0.428692,2.05582,191948,-36060,-0.0565033,-0,0.214346,2.29122,1.5708
14.3488,-0.215695,-0.291633,0,-0.0282516,-0.0926283,0.431391,2.05583,192439,-35570,-0.0565033,-0,0.215695,2.29163,1.5708
14.3987,-0.217047,-0.292043,0,-0.0282516,-0.0926283,0.434094,2.05584,192931,-35079,-0.0565033,-0,0.217047,2.29204,1.5708
14.4487,-0.2184,-0.292448,0,-0.0282516,-0.0926283,0.436801,2.05585,193424,-34587,-0.0565033,-0,0.2184,2.29245,1.5708
14.4987,-0.219756,-0.292846,0,-0.0282516,-0.0926283,0.439512,2.05586,193917,-34095,-0.0565033,-0,0.219756,2.29285,1.5708
14.5488,-0.221113,-0.293237,0,-0.0282516,-0.0926283,0.442227,2.05586,194411,-33602,-0.0565033,-0,0.221113,2.29324,1.5708
14.5987,-0.222472,-0.293623,0,-0.0282516,-0.0926283,0.444944,2.05587,194906,-33108,-0.0565033,-0,0.222472,2.29362,1.5708
14.6487,-0.223833,-0.294002,0,-0.0282516,-0.0926283,0.447665,2.05588,195401,-32614,-0.0565033,-0,0.223833,2.294,1.5708
14.6987,-0.225195,-0.294375,0,-0.0282516,-0.0926283,0.450391,2.05589,195897,-32119,-0.0565033,-0,0.225195,2.29437,1.5708
14.7487,-0.22656,-0.294741,0,-0.0282516,-0.0926283,0.453119,2.05589,196393,-31623,-0.0565033,-0,0.22656,2.29474,1.5708
14.7987,-0.227926,-0.295101,0,-0.0282516,-0.0926283,0.455853,2.0559,196891,-31126,-0.0565033,-0,0.227926,2.2951,1.5708
14.8487,-0.229293,-0.295455,0,-0.0282516,-0.0926283,0.458586,2.05591,197388,-30630,-0.0565033,-0,0.229293,2.29545,1.5708
14.8988,-0.230662,-0.295802,0,-0.0282516,-0.0926283,0.461325,2.05592,197886,-30132,-0.0565033,-0,0.230662,2.2958,1.5708
14.9488,-0.232033,-0.296143,0,-0.0282516,-0.0926283,0.464066,2.05592,198385,-29634,-0.0565033,-0,0.232033,2.29614,1.5708
14.9987,-0.233405,-0.296478,0,-0.0282516,-0.0926283,0.46681,2.05593,198885,-29135,-0.0565033,-0,0.233405,2.29648,1.5708
15.0488,-0.234779,-0.296807,0,-0.0282516,-0.0926283,0.469558,2.05594,199385,-28636,-0.0565033,-0,0.234779,2.29681,1.5708
15.0987,-0.236155,-0.297129,0,-0.0282516,-0.0926283,0.472309,2.05594,199885,-28136,-0.0565033,-0,0.236155,2.29713,1.5708
15.1487,-0.237531,-0.297444,0,-0.0282516,-0.0926283,0.475063,2.05595,200386,-27636,-0.0565033,-0,0.237531,2.29744,1.5708
15.1987,-0.23891,-0.297754,0,-0.0282516,-0.0926283,0.47782,2.05596,200888,-27135,-0.0565033,-0,0.23891,2.29775,1.5708
15.2488,-0.240291,-0.298057,0,-0.0282516,-0.0926283,0.480581,2.05596,201390,-26633,-0.0565033,-0,0.240291,2.29806,1.5708
15.2987,-0.241671,-0.298353,0,-0.0282516,-0.0926283,0.483342,2.05597,201892,-26132,-0.0565033,-0,0.241671,2.29835,1.5708
15.3487,-0.243053,-0.298643,0,-0.0282516,-0.0926283,0.486106,2.05597,202395,-25630,-0.0565033,-0,0.243053,2.29864,1.5708
15.3987,-0.244437,-0.298927,0,-0.0282516,-0.0926283,0.488874,2.05598,202899,-25127,-0.0565033,-0,0.244437,2.29893,1.5708
15.4487,-0.245822,-0.299204,0,-0.0282516,-0.0926283,0.491644,2.05598,203403,-24623,-0.0565033,-0,0.245822,2.2992,1.5708
15.4987,-0.247208,-0.299475,0,-0.0282516,-0.0926283,0.494416,2.05599,203907,-24120,-0.0565033,-0,0.247208,2.29947,1.5708
15.5488,-0.248596,-0.299739,0,-0.0282516,-0.0926283,0.497192,2.05599,204412,-23615,-0.0565033,-0,0.248596,2.29974,1.5708
15.5987,-0.249985,-0.299997,0,-0.0282516,-0.0926283,0.499969,2.056,204917,-23111,-0.0565033,-0,0.249985,2.3,1.5708
15.6488,-0.251375,-0.300249,0,-0.0282516,-0.0926283,0.50275,2.056,205423,-22605,-0.0565033,-0,0.251375,2.30025,1.5708
15.6987,-0.252766,-0.300494,0,-0.0282516,-0.0926283,0.505532,2.05601,205929,-22100,-0.0565033,-0,0.252766,2.30049,1.5708
15.7488,-0.254159,-0.300733,0,-0.0282516,-0.0926283,0.508318,2.05601,206436,-21593,-0.0565033,-0,0.254159,2.30073,1.5708
15.7987,-0.255551,-0.300965,0,-0.0282516,-0.0926283,0.511103,2.05602,206943,-21087,-0.0565033,-0,0.255551,2.30097,1.5708
15.8488,-0.256946,-0.301191,0,-0.0282516,-0.0926283,0.513892,2.05602,207450,-20580,-0.0565033,-0,0.256946,2.30119,1.5708
15.8987,-0.258341,-0.30141,0,-0.0282516,-0.0926283,0.516682,2.05603,207958,-20073,-0.0565033,-0,0.258341,2.30141,1.5708
15.9487,-0.259738,-0.301623,0,-0.0282516,-0.0926283,0.519475,2.05603,208466,-19566,-0.0565033,-0,0.259738,2.30162,1.5708
15.9987,-0.261136,-0.30183,0,-0.0282516,-0.0926283,0.522273,2.05604,208975,-19057,-0.0565033,-0,0.261136,2.30183,1.5708
16.0488,-0.262534,-0.302029,0,-0.0282516,-0.0926283,0.525067,2.05604,209483,-18549,-0.0565033,-0,0.262534,2.30203,1.5708
16.0987,-0.263933,-0.302223,0,-0.0282516,-0.0926283,0.527866,2.05604,209992,-18041,-0.0565033,-0,0.263933,2.30222,1.5708
16.1488,-0.265333,-0.30241,0,-0.0282516,-0.0926283,0.530666,2.05605,210501,-17532,-0.0565033,-0,0.265333,2.30241,1.5708
16.1987,-0.266734,-0.30259,0,-0.0282516,-0.0926283,0.533468,2.05605,211011,-17023,-0.0565033,-0,0.266734,2.30259,1.5708
16.2488,-0.268136,-0.302764,0,-0.0282516,-0.0926283,0.536272,2.05606,211521,-16513,-0.0565033,-0,0.268136,2.30276,1.5708
16.2987,-0.269539,-0.302932,0,-0.0282516,-0.0926283,0.539077,2.05606,212031,-16003,-0.0565033,-0,0.269539,2.30293,1.5708
16.3488,-0.270942,-0.303093,0,-0.0282516,-0.0926283,0.541884,2.05606,212542,-15493,-0.0565033,-0,0.270942,2.30309,1.5708
16.3987,-0.272346,-0.303247,0,-0.0282516,-0.0926283,0.544692,2.05606,213052,-14983,-0.0565033,-0,0.272346,2.30325,1.5708
16.4489,-0.273751,-0.303395,0,-0.0282516,-0.0926283,0.547502,2.05607,213563,-14472,-0.0565033,-0,0.273751,2.3034,1.5708
16.4987,-0.275156,-0.303537,0,-0.0282516,-0.0926283,0.550312,2.05607,214075,-13961,-0.0565033,-0,0.275156,2.30354,1.5708
16.5487,-0.276562,-0.303672,0,-0.0282516,-0.0926283,0.553125,2.05607,214586,-13450,-0.0565033,-0,0.276562,2.30367,1.5708
16.5987,-0.277969,-0.3038,0,-0.0282516,-0.0926283,0.555939,2.05608,215098,-12939,-0.0565033,-0,0.277969,2.3038,1.5708
16.6488,-0.279377,-0.303922,0,-0.0282516,-0.0926283,0.558753,2.05608,215610,-12427,-0.0565033,-0,0.279377,2.30392,1.5708
16.6987,-0.280784,-0.304037,0,-0.0282516,-0.0926283,0.561568,2.05608,216122,-11915,-0.0565033,-0,0.280784,2.30404,1.5708
16.7488,-0.282193,-0.304146,0,-0.0282516,-0.0926283,0.564385,2.05608,216634,-11403,-0.0565033,-0,0.282193,2.30415,1.5708
16.7987,-0.283602,-0.304249,0,-0.0282516,-0.0926283,0.567204,2.05608,217147,-10891,-0.0565033,-0,0.283602,2.30425,1.5708
16.8488,-0.285011,-0.304345,0,-0.0282516,-0.0926283,0.570021,2.05609,217659,-10379,-0.0565033,-0,0.285011,2.30434,1.5708
16.8987,-0.286421,-0.304434,0,-0.0282516,-0.0926283,0.572841,2.05609,218172,-9866,-0.0565033,-0,0.286421,2.30443,1.5708
16.9487,-0.287831,-0.304517,0,-0.0282516,-0.0926283,0.575662,2.05609,218685,-9353,-0.0565033,-0,0.287831,2.30452,1.5708
16.9987,-0.289241,-0.304593,0,-0.0282516,-0.0926283,0.578483,2.05609,219198,-8840,-0.0565033,-0,0.289241,2.30459,1.5708
17.0488,-0.290652,-0.304663,0,-0.0282516,-0.0926283,0.581304,2.05609,219711,-8328,-0.0565033,-0,0.290652,2.30466,1.5708
17.0987,-0.292063,-0.304726,0,-0.0282516,-0.0926283,0.584127,2.05609,220224,-7814,-0.0565033,-0,0.292063,2.30473,1.5708
17.1487,-0.293475,-0.304782,0,-0.0282516,-0.0926283,0.58695,2.0561,220737,-7301,-0.0565033,-0,0.293475,2.30478,1.5708
17.1987,-0.294886,-0.304833,0,-0.0282516,-0.0926283,0.589773,2.0561,221251,-6788,-0.0565033,-0,0.294886,2.30483,1.5708
17.2488,-0.296299,-0.304876,0,-0.0282516,-0.0926283,0.592597,2.0561,221764,-6275,-0.0565033,-0,0.296299,2.30488,1.5708
17.2987,-0.297711,-0.304913,0,-0.0282516,-0.0926283,0.595421,2.0561,222278,-5761,-0.0565033,-0,0.297711,2.30491,1.5708
17.3488,-0.299124,-0.304944,0,-0.0282516,-0.0926283,0.598247,2.0561,222792,-5247,-0.0565033,-0,0.299124,2.30494,1.5708
17.3987,-0.300537,-0.304968,0,-0.0282516,-0.0926283,0.601073,2.0561,223305,-4734,-0.0565033,-0,0.300537,2.30497,1.5708
17.4488,-0.301947,-0.304985,0,-0.0282516,-0.0926283,0.603895,2.0561,223818,-4221,-0.0565033,-0,0.301947,2.30499,1.5708
17.4987,-0.30336,-0.304996,0,-0.0282516,-0.0926283,0.60672,2.0561,224332,-3707,-0.0565033,-0,0.30336,2.305,1.5708
17.5488,-0.304773,-0.305,0,-0.0282516,-0.0926283,0.609546,2.0561,224846,-3193,-0.0565033,-0,0.304773,2.305,1.5708
17.5987,-0.306185,-0.304998,0,-0.0282516,-0.0926283,0.612371,2.0561,225360,-2679,-0.0565033,-0,0.306185,2.305,1.5708
17.6488,-0.307598,-0.304989,0,-0.0282516,-0.0926283,0.615196,2.0561,225873,-2166,-0.0565033,-0,0.307598,2.30499,1.5708
17.6987,-0.309011,-0.304974,0,-0.0282516,-0.0926283,0.618021,2.0561,226387,-1652,-0.0565033,-0,0.309011,2.30497,1.5708
17.7487,-0.310424,-0.304952,0,-0.0282516,-0.0926283,0.620847,2.0561,226901,-1138,-0.0565033,-0,0.310424,2.30495,1.5708
17.7987,-0.311835,-0.304924,0,-0.0282516,-0.0926283,0.62367,2.0561,227414,-625,-0.0565033,-0,0.311835,2.30492,1.5708
17.8488,-0.313247,-0.304889,0,-0.0282516,-0.0926283,0.626494,2.0561,227927,-111,-0.0565033,-0,0.313247,2.30489,1.5708
17.8987,-0.314659,-0.304847,0,-0.0282516,-0.0926283,0.629319,2.0561,228441,401,-0.0565033,-0,0.314659,2.30485,1.5708
17.9488,-0.316071,-0.304799,0,-0.0282516,-0.0926283,0.632142,2.0561,228954,915,-0.0565033,0,0.316071,2.3048,1.5708
17.9987,-0.317483,-0.304745,0,-0.0282516,-0.0926283,0.634965,2.05609,229467,1428,-0.0565033,0,0.317483,2.30474,1.5708
18.0488,-0.318894,-0.304684,0,-0.0282516,-0.0926283,0.637788,2.05609,229980,1941,-0.0565033,0,0.318894,2.30468,1.5708
18.0987,-0.320305,-0.304616,0,-0.0282516,-0.0926283,0.640609,2.05609,230493,2454,-0.0565033,0,0.320305,2.30462,1.5708
18.1487,-0.321715,-0.304542,0,-0.0282516,-0.0926283,0.643431,2.05609,231006,2967,-0.0565033,0,0.321715,2.30454,1.5708
18.1987,-0.323126,-0.304461,0,-0.0282516,-0.0926283,0.646252,2.05609,231519,3480,-0.0565033,0,0.323126,2.30446,1.5708
18.2488,-0.324536,-0.304374,0,-0.0282516,-0.0926283,0.649073,2.05609,232032,3993,-0.0565033,0,0.324536,2.30437,1.5708
18.2988,-0.325945,-0.30428,0,-0.0282516,-0.0926283,0.65189,2.05609,232544,4506,-0.0565033,0,0.325945,2.30428,1.5708
18.3487,-0.327354,-0.30418,0,-0.0282516,-0.0926283,0.654708,2.05608,233056,5018,-0.0565033,0,0.327354,2.30418,1.5708
18.3987,-0.328763,-0.304073,0,-0.0282516,-0.0926283,0.657525,2.05608,233568,5530,-0.0565033,0,0.328763,2.30407,1.5708
18.4487,-0.33017,-0.30396,0,-0.0282516,-0.0926283,0.660341,2.05608,234080,6043,-0.0565033,0,0.33017,2.30396,1.5708
18.4988,-0.331578,-0.30384,0,-0.0282516,-0.0926283,0.663156,2.05608,234592,6555,-0.0565033,0,0.331578,2.30384,1.5708
18.5488,-0.332985,-0.303714,0,-0.0282516,-0.0926283,0.66597,2.05607,235103,7066,-0.0565033,0,0.332985,2.30371,1.5708
18.5987,-0.334391,-0.303581,0,-0.0282516,-0.0926283,0.668782,2.05607,235615,7578,-0.0565033,0,0.334391,2.30358,1.5708
18.6487,-0.335797,-0.303442,0,-0.0282516,-0.0926283,0.671593,2.05607,236126,8089,-0.0565033,0,0.335797,2.30344,1.5708
18.6987,-0.337202,-0.303296,0,-0.0282516,-0.0926283,0.674404,2.05607,236636,8600,-0.0565033,0,0.337202,2.3033,1.5708
18.7488,-0.338607,-0.303143,0,-0.0282516,-0.0926283,0.677213,2.05606,237147,9111,-0.0565033,0,0.338607,2.30314,1.5708
18.7987,-0.34001,-0.302984,0,-0.0282516,-0.0926283,0.68002,2.05606,237657,9622,-0.0565033,0,0.34001,2.30298,1.5708
18.8488,-0.341413,-0.302819,0,-0.0282516,-0.0926283,0.682826,2.05606,238167,10132,-0.0565033,0,0.341413,2.30282,1.5708
18.8987,-0.342815,-0.302647,0,-0.0282516,-0.0926283,0.685629,2.05605,238677,10642,-0.0565033,0,0.342815,2.30265,1.5708
18.9488,-0.344216,-0.302469,0,-0.0282516,-0.0926283,0.688432,2.05605,239186,11152,-0.0565033,0,0.344216,2.30247,1.5708
18.9987,-0.345616,-0.302284,0,-0.0282516,-0.0926283,0.691233,2.05605,239695,11661,-0.0565033,0,0.345616,2.30228,1.5708
19.0487,-0.347016,-0.302092,0,-0.0282516,-0.0926283,0.694032,2.05604,240204,12170,-0.0565033,0,0.347016,2.30209,1.5708
19.0987,-0.348415,-0.301895,0,-0.0282516,-0.0926283,0.696829,2.05604,240712,12679,-0.0565033,0,0.348415,2.30189,1.5708
19.1488,-0.349814,-0.30169,0,-0.0282516,-0.0926283,0.699627,2.05603,241221,13188,-0.0565033,0,0.349814,2.30169,1.5708
19.1988,-0.351209,-0.30148,0,-0.0282516,-0.0926283,0.702419,2.05603,241728,13696,-0.0565033,0,0.351209,2.30148,1.5708
19.2488,-0.352605,-0.301262,0,-0.0282516,-0.0926283,0.70521,2.05603,242235,14204,-0.0565033,0,0.352605,2.30126,1.5708
19.2987,-0.354,-0.301039,0,-0.0282516,-0.0926283,0.708,2.05602,242742,14711,-0.0565033,0,0.354,2.30104,1.5708
19.3487,-0.355393,-0.300808,0,-0.0282516,-0.0926283,0.710787,2.05602,243249,15218,-0.0565033,0,0.355393,2.30081,1.5708
19.3987,-0.356786,-0.300572,0,-0.0282516,-0.0926283,0.713572,2.05601,243755,15725,-0.0565033,0,0.356786,2.30057,1.5708
19.4487,-0.358178,-0.300329,0,-0.0282516,-0.0926283,0.716357,2.05601,244261,16231,-0.0565033,0,0.358178,2.30033,1.5708
19.4987,-0.359568,-0.300079,0,-0.0282516,-0.0926283,0.719136,2.056,244766,16737,-0.0565033,0,0.359568,2.30008,1.5708
19.5487,-0.360957,-0.299823,0,-0.0282516,-0.0926283,0.721915,2.056,245271,17242,-0.0565033,0,0.360957,2.29982,1.5708
19.5987,-0.362345,-0.299561,0,-0.0282516,-0.0926283,0.72469,2.05599,245775,17747,-0.0565033,0,0.362345,2.29956,1.5708
19.6487,-0.363732,-0.299292,0,-0.0282516,-0.0926283,0.727464,2.05599,246279,18252,-0.0565033,0,0.363732,2.29929,1.5708
19.6987,-0.365119,-0.299017,0,-0.0282516,-0.0926283,0.730237,2.05598,246783,18756,-0.0565033,0,0.365119,2.29902,1.5708
19.7487,-0.366502,-0.298735,0,-0.0282516,-0.0926283,0.733003,2.05597,247286,19260,-0.0565033,0,0.366502,2.29874,1.5708
19.7987,-0.367885,-0.298447,0,-0.0282516,-0.0926283,0.735769,2.05597,247788,19763,-0.0565033,0,0.367885,2.29845,1.5708
19.8487,-0.369266,-0.298153,0,-0.0282516,-0.0926283,0.738533,2.05596,248290,20266,-0.0565033,0,0.369266,2.29815,1.5708
19.8987,-0.370646,-0.297852,0,-0.0282516,-0.0926283,0.741293,2.05596,248792,20768,-0.0565033,0,0.370646,2.29785,1.5708
19.9487,-0.372025,-0.297545,0,-0.0282516,-0.0926283,0.74405,2.05595,249293,21269,-0.0565033,0,0.372025,2.29754,1.5708
19.9987,-0.373403,-0.297231,0,-0.0282516,-0.0926283,0.746805,2.05594,249793,21771,-0.0565033,0,0.373403,2.29723,1.5708
20.0487,-0.374778,-0.296911,0,-0.0282516,-0.0926283,0.749556,2.05594,250293,22271,-0.0565033,0,0.374778,2.29691,1.5708
20.0987,-0.376153,-0.296585,0,-0.0282516,-0.0926283,0.752305,2.05593,250793,22772,-0.0565033,0,0.376153,2.29658,1.5708
20.1487,-0.377525,-0.296252,0,-0.0282516,-0.0926283,0.755051,2.05593,251292,23271,-0.0565033,0,0.377525,2.29625,1.5708
20.1987,-0.378897,-0.295913,0,-0.0282516,-0.0926283,0.757793,2.05592,251790,23770,-0.0565033,0,0.378897,2.29591,1.5708
20.2487,-0.380266,-0.295568,0,-0.0282516,-0.0926283,0.760533,2.05591,252288,24269,-0.0565033,0,0.380266,2.29557,1.5708
20.2987,-0.381635,-0.295216,0,-0.0282516,-0.0926283,0.76327,2.0559,252785,24767,-0.0565033,0,0.381635,2.29522,1.5708
20.3487,-0.383001,-0.294858,0,-0.0282516,-0.0926283,0.766002,2.0559,253281,25264,-0.0565033,0,0.383001,2.29486,1.5708
20.3987,-0.384366,-0.294493,0,-0.0282516,-0.0926283,0.768732,2.05589,253777,25760,-0.0565033,0,0.384366,2.29449,1.5708
20.4487,-0.385729,-0.294122,0,-0.0282516,-0.0926283,0.771458,2.05588,254272,26257,-0.0565033,0,0.385729,2.29412,1.5708
20.4987,-0.38709,-0.293745,0,-0.0282516,-0.0926283,0.774181,2.05587,254767,26752,-0.0565033,0,0.38709,2.29375,1.5708
20.5487,-0.38845,-0.293362,0,-0.0282516,-0.0926283,0.776899,2.05587,255261,27247,-0.0565033,0,0.38845,2.29336,1.5708
20.5987,-0.389808,-0.292972,0,-0.0282516,-0.0926283,0.779615,2.05586,255754,27741,-0.0565033,0,0.389808,2.29297,1.5708
20.6487,-0.391163,-0.292577,0,-0.0282516,-0.0926283,0.782327,2.05585,256247,28234,-0.0565033,0,0.391163,2.29258,1.5708
20.6987,-0.392518,-0.292174,0,-0.0282516,-0.0926283,0.785035,2.05584,256739,28727,-0.0565033,0,0.392518,2.29217,1.5708
20.7487,-0.39387,-0.291766,0,-0.0282516,-0.0926283,0.787739,2.05584,257230,29219,-0.0565033,0,0.39387,2.29177,1.5708
20.7987,-0.39522,-0.291351,0,-0.0282516,-0.0926283,0.79044,2.05583,257721,29711,-0.0565033,0,0.39522,2.29135,1.5708
20.8487,-0.39657,-0.29093,0,-0.0282516,-0.0926283,0.79314,2.05582,258211,30202,-0.0565033,0,0.39657,2.29093,1.5708
20.8987,-0.397915,-0.290503,0,-0.0282516,-0.0926283,0.79583,2.05581,258700,30692,-0.0565033,0,0.397915,2.2905,1.5708
20.9487,-0.399259,-0.29007,0,-0.0282516,-0.0926283,0.798519,2.0558,259188,31181,-0.0565033,0,0.399259,2.29007,1.5708
20.9987,-0.400602,-0.28963,0,-0.0282516,-0.0926283,0.801204,2.05579,259676,31670,-0.0565033,0,0.400602,2.28963,1.5708
21.0487,-0.401942,-0.289184,0,-0.0282516,-0.0926283,0.803884,2.05578,260163,32158,-0.0565033,0,0.401942,2.28918,1.5708
21.0987,-0.403281,-0.288732,0,-0.0282516,-0.0926283,0.806561,2.05577,260649,32645,-0.0565033,0,0.403281,2.28873,1.5708
21.1487,-0.404617,-0.288274,0,-0.0282516,-0.0926283,0.809233,2.05577,261134,33131,-0.0565033,0,0.404617,2.28827,1.5708
21.1988,-0.405951,-0.287809,0,-0.0282516,-0.0926283,0.811901,2.05576,261619,33617,-0.0565033,0,0.405951,2.28781,1.5708
21.2487,-0.407282,-0.287339,0,-0.0282516,-0.0926283,0.814565,2.05575,262102,34102,-0.0565033,0,0.407282,2.28734,1.5708
21.2987,-0.408612,-0.286862,0,-0.0282516,-0.0926283,0.817225,2.05574,262586,34586,-0.0565033,0,0.408612,2.28686,1.5708
21.3487,-0.409941,-0.286379,0,-0.0282516,-0.0926283,0.819882,2.05573,263068,35069,-0.0565033,0,0.409941,2.28638,1.5708
21.3987,-0.411265,-0.28589,0,-0.0282516,-0.0926283,0.82253,2.05572,263549,35551,-0.0565033,0,0.411265,2.28589,1.5708
21.4488,-0.412588,-0.285395,0,-0.0282516,-0.0926283,0.825176,2.05571,264030,36033,-0.0565033,0,0.412588,2.28539,1.5708
21.4987,-0.413909,-0.284893,0,-0.0282516,-0.0926283,0.827817,2.0557,264509,36514,-0.0565033,0,0.413909,2.28489,1.5708
21.5487,-0.415227,-0.284386,0,-0.0282516,-0.0926283,0.830454,2.05569,264988,36994,-0.0565033,0,0.415227,2.28439,1.5708
21.5987,-0.416543,-0.283872,0,-0.0282516,-0.0926283,0.833086,2.05568,265466,37473,-0.0565033,0,0.416543,2.28387,1.5708
21.6487,-0.417856,-0.283353,0,-0.0282516,-0.0926283,0.835713,2.05567,265943,37951,-0.0565033,0,0.417856,2.28335,1.5708
21.6987,-0.419167,-0.282827,0,-0.0282516,-0.0926283,0.838335,2.05566,266419,38428,-0.0565033,0,0.419167,2.28283,1.5708
21.7487,-0.420477,-0.282295,0,-0.0282516,-0.0926283,0.840954,2.05565,266895,38905,-0.0565033,0,0.420477,2.28229,1.5708
21.7987,-0.421782,-0.281757,0,-0.0282516,-0.0926283,0.843564,2.05564,267369,39380,-0.0565033,0,0.421782,2.28176,1.5708
21.8488,-0.423086,-0.281213,0,-0.0282516,-0.0926283,0.846172,2.05562,267842,39855,-0.0565033,0,0.423086,2.28121,1.5708
21.8987,-0.424387,-0.280664,0,-0.0282516,-0.0926283,0.848774,2.05561,268315,40329,-0.0565033,0,0.424387,2.28066,1.5708
21.9487,-0.425686,-0.280107,0,-0.0282516,-0.0926283,0.851372,2.0556,268787,40802,-0.0565033,0,0.425686,2.28011,1.5708
21.9987,-0.426982,-0.279546,0,-0.0282516,-0.0926283,0.853963,2.05559,269257,41274,-0.0565033,0,0.426982,2.27955,1.5708
22.0487,-0.428275,-0.278978,0,-0.0282516,-0.0926283,0.85655,2.05558,269727,41745,-0.0565033,0,0.428275,2.27898,1.5708
22.0987,-0.429567,-0.278403,0,-0.0282516,-0.0926283,0.859134,2.05557,270196,42215,-0.0565033,0,0.429567,2.2784,1.5708
22.1488,-0.430854,-0.277824,0,-0.0282516,-0.0926283,0.861708,2.05556,270663,42684,-0.0565033,0,0.430854,2.27782,1.5708
22.1987,-0.432139,-0.277238,0,-0.0282516,-0.0926283,0.864278,2.05554,271130,43152,-0.0565033,0,0.432139,2.27724,1.5708
22.2487,-0.433422,-0.276646,0,-0.0282516,-0.0926283,0.866844,2.05553,271596,43619,-0.0565033,0,0.433422,2.27665,1.5708
22.2987,-0.434702,-0.276048,0,-0.0282516,-0.0926283,0.869403,2.05552,272061,44085,-0.0565033,0,0.434702,2.27605,1.5708
22.3487,-0.435979,-0.275444,0,-0.0282516,-0.0926283,0.871959,2.05551,272524,44550,-0.0565033,0,0.435979,2.27544,1.5708
22.3987,-0.437253,-0.274835,0,-0.0282516,-0.0926283,0.874506,2.0555,272987,45014,-0.0565033,0,0.437253,2.27484,1.5708
22.4487,-0.438525,-0.27422,0,-0.0282516,-0.0926283,0.877049,2.05548,273449,45477,-0.0565033,0,0.438525,2.27422,1.5708
22.4987,-0.439793,-0.273598,0,-0.0282516,-0.0926283,0.879586,2.05547,273909,45939,-0.0565033,0,0.439793,2.2736,1.5708
22.5487,-0.441059,-0.272971,0,-0.0282516,-0.0926283,0.882118,2.05546,274369,46400,-0.0565033,0,0.441059,2.27297,1.5708
22.5987,-0.442322,-0.272338,0,-0.0282516,-0.0926283,0.884643,2.05545,274827,46860,-0.0565033,0,0.442322,2.27234,1.5708
22.6487,-0.443581,-0.271699,0,-0.0282516,-0.0926283,0.887162,2.05543,275285,47319,-0.0565033,0,0.443581,2.2717,1.5708
22.6987,-0.444838,-0.271055,0,-0.0282516,-0.0926283,0.889676,2.05542,275741,47776,-0.0565033,0,0.444838,2.27105,1.5708
22.7487,-0.446092,-0.270404,0,-0.0282516,-0.0926283,0.892184,2.05541,276196,48233,-0.0565033,0,0.446092,2.2704,1.5708
22.7987,-0.447343,-0.269748,0,-0.0282516,-0.0926283,0.894686,2.05539,276650,48689,-0.0565033,0,0.447343,2.26975,1.5708
22.8487,-0.448591,-0.269085,0,-0.0282516,-0.0926283,0.897181,2.05538,277103,49143,-0.0565033,0,0.448591,2.26909,1.5708
22.8987,-0.449837,-0.268417,0,-0.0282516,-0.0926283,0.899673,2.05537,277556,49597,-0.0565033,0,0.449837,2.26842,1.5708
22.9487,-0.451077,-0.267744,0,-0.0282516,-0.0926283,0.902154,2.05535,278006,50049,-0.0565033,0,0.451077,2.26774,1.5708
22.9987,-0.452316,-0.267064,0,-0.0282516,-0.0926283,0.904631,2.05534,278456,50500,-0.0565033,0,0.452316,2.26706,1.5708
23.0487,-0.453551,-0.266379,0,-0.0282516,-0.0926283,0.907102,2.05533,278904,50950,-0.0565033,0,0.453551,2.26638,1.5708
23.0987,-0.454784,-0.265688,0,-0.0282516,-0.0926283,0.909567,2.05531,279352,51399,-0.0565033,0,0.454784,2.26569,1.5708
23.1487,-0.456012,-0.264992,0,-0.0282516,-0.0926283,0.912024,2.0553,279797,51846,-0.0565033,0,0.456012,2.26499,1.5708
23.1987,-0.457237,-0.26429,0,-0.0282516,-0.0926283,0.914475,2.05529,280242,52293,-0.0565033,0,0.457237,2.26429,1.5708
23.2487,-0.45846,-0.263582,0,-0.0282516,-0.0926283,0.916919,2.05527,280686,52738,-0.0565033,0,0.45846,2.26358,1.5708
23.2987,-0.459679,-0.262868,0,-0.0282516,-0.0926283,0.919358,2.05526,281129,53182,-0.0565033,0,0.459679,2.26287,1.5708
23.3487,-0.460895,-0.262149,0,-0.0282516,-0.0926283,0.92179,2.05524,281570,53625,-0.0565033,0,0.460895,2.26215,1.5708
23.3987,-0.462107,-0.261424,0,-0.0282516,-0.0926283,0.924214,2.05523,282010,54067,-0.0565033,0,0.462107,2.26142,1.5708
23.4488,-0.463316,-0.260694,0,-0.0282516,-0.0926283,0.926633,2.05521,282449,54507,-0.0565033,0,0.463316,2.26069,1.5708
23.4987,-0.464522,-0.259958,0,-0.0282516,-0.0926283,0.929044,2.0552,282886,54946,-0.0565033,0,0.464522,2.25996,1.5708
23.5487,-0.465724,-0.259216,0,-0.0282516,-0.0926283,0.931448,2.05518,283323,55384,-0.0565033,0,0.465724,2.25922,1.5708
23.5987,-0.466923,-0.258469,0,-0.0282516,-0.0926283,0.933846,2.05517,283758,55821,-0.0565033,0,0.466923,2.25847,1.5708
23.6487,-0.468118,-0.257716,0,-0.0282516,-0.0926283,0.936237,2.05515,284192,56257,-0.0565033,0,0.468118,2.25772,1.5708
23.6987,-0.46931,-0.256958,0,-0.0282516,-0.0926283,0.93862,2.05514,284624,56691,-0.0565033,0,0.46931,2.25696,1.5708
23.7487,-0.470499,-0.256194,0,-0.0282516,-0.0926283,0.940997,2.05512,285056,57124,-0.0565033,0,0.470499,2.25619,1.5708
23.7987,-0.471683,-0.255425,0,-0.0282516,-0.0926283,0.943367,2.05511,285486,57556,-0.0565033,0,0.471683,2.25542,1.5708
23.8487,-0.472864,-0.25465,0,-0.0282516,-0.0926283,0.945729,2.05509,285914,57986,-0.0565033,0,0.472864,2.25465,1.5708
23.8987,-0.474042,-0.25387,0,-0.0282516,-0.0926283,0.948084,2.05508,286342,58415,-0.0565033,0,0.474042,2.25387,1.5708
23.9488,-0.475216,-0.253085,0,-0.0282516,-0.0926283,0.950432,2.05506,286767,58843,-0.0565033,0,0.475216,2.25308,1.5708
23.9987,-0.476386,-0.252293,0,-0.0282516,-0.0926283,0.952773,2.05505,287192,59269,-0.0565033,0,0.476386,2.25229,1.5708
24.0487,-0.477553,-0.251497,0,-0.0282516,-0.0926283,0.955106,2.05503,287616,59694,-0.0565033,0,0.477553,2.2515,1.5708
24.0987,-0.478716,-0.250695,0,-0.0282516,-0.0926283,0.957431,2.05501,288038,60118,-0.0565033,0,0.478716,2.2507,1.5708
24.1487,-0.479875,-0.249888,0,-0.0282516,-0.0926283,0.95975,2.055,288458,60540,-0.0565033,0,0.479875,2.24989,1.5708
24.1987,-0.481031,-0.249075,0,-0.0282516,-0.0926283,0.962061,2.05498,288877,60962,-0.0565033,0,0.481031,2.24908,1.5708
24.2487,-0.482182,-0.248257,0,-0.0282516,-0.0926283,0.964364,2.05497,289295,61381,-0.0565033,0,0.482182,2.24826,1.5708
24.2987,-0.48333,-0.247434,0,-0.0282516,-0.0926283,0.96666,2.05495,289712,61800,-0.0565033,0,0.48333,2.24743,1.5708
24.3488,-0.484474,-0.246605,0,-0.0282516,-0.0926283,0.968949,2.05493,290127,62217,-0.0565033,0,0.484474,2.24661,1.5708
24.3987,-0.485615,-0.245772,0,-0.0282516,-0.0926283,0.971229,2.05492,290541,62632,-0.0565033,0,0.485615,2.24577,1.5708
24.4487,-0.486751,-0.244933,0,-0.0282516,-0.0926283,0.973501,2.0549,290953,63046,-0.0565033,0,0.486751,2.24493,1.5708
24.4987,-0.487883,-0.244088,0,-0.0282516,-0.0926283,0.975767,2.05488,291364,63459,-0.0565033,0,0.487883,2.24409,1.5708
24.5487,-0.489012,-0.243239,0,-0.0282516,-0.0926283,0.978023,2.05486,291773,63870,-0.0565033,0,0.489012,2.24324,1.5708
24.5987,-0.490136,-0.242384,0,-0.0282516,-0.0926283,0.980273,2.05485,292181,64280,-0.0565033,0,0.490136,2.24238,1.5708
24.6487,-0.491257,-0.241524,0,-0.0282516,-0.0926283,0.982514,2.05483,292588,64689,-0.0565033,0,0.491257,2.24152,1.5708
24.6987,-0.492373,-0.240659,0,-0.0282516,-0.0926283,0.984747,2.05481,292993,65096,-0.0565033,0,0.492373,2.24066,1.5708
24.7487,-0.493487,-0.239787,0,-0.0282516,-0.0926283,0.986973,2.0548,293397,65501,-0.0565033,0,0.493487,2.23979,1.5708
24.7988,-0.494595,-0.238912,0,-0.0282516,-0.0926283,0.989189,2.05478,293799,65905,-0.0565033,0,0.494595,2.23891,1.5708
24.8487,-0.495699,-0.238032,0,-0.0282516,-0.0926283,0.991398,2.05476,294199,66308,-0.0565033,0,0.495699,2.23803,1.5708
24.8987,-0.496799,-0.237146,0,-0.0282516,-0.0926283,0.993598,2.05474,294598,66709,-0.0565033,0,0.496799,2.23715,1.5708
24.9487,-0.497895,-0.236255,0,-0.0282516,-0.0926283,0.995791,2.05473,294996,67108,-0.0565033,0,0.497895,2.23626,1.5708
24.9987,-0.498989,-0.235359,0,-0.0282516,-0.0926283,0.997977,2.05471,295392,67507,-0.0565033,0,0.498989,2.23536,1.5708
25.0488,-0.500076,-0.234458,0,-0.0282516,-0.0926283,1.00015,2.05469,295787,67903,-0.0565033,0,0.500076,2.23446,1.5708
25.0987,-0.501159,-0.233552,0,-0.0282516,-0.0926283,1.00232,2.05467,296180,68298,-0.0565033,0,0.501159,2.23355,1.5708
25.1487,-0.502239,-0.232641,0,-0.0282516,-0.0926283,1.00448,2.05465,296571,68692,-0.0565033,0,0.502239,2.23264,1.5708
25.1987,-0.503314,-0.231725,0,-0.0282516,-0.0926283,1.00663,2.05463,296961,69084,-0.0565033,0,0.503314,2.23173,1.5708
25.2487,-0.504385,-0.230805,0,-0.0282516,-0.0926283,1.00877,2.05462,297350,69474,-0.0565033,0,0.504385,2.2308,1.5708
25.2987,-0.505452,-0.229879,0,-0.0282516,-0.0926283,1.0109,2.0546,297737,69864,-0.0565033,0,0.505452,2.22988,1.5708
25.3487,-0.506515,-0.228948,0,-0.0282516,-0.0926283,1.01303,2.05458,298122,70251,-0.0565033,0,0.506515,2.22895,1.5708
25.3987,-0.507573,-0.228012,0,-0.0282516,-0.0926283,1.01515,2.05456,298506,70637,-0.0565033,0,0.507573,2.22801,1.5708
25.4487,-0.508627,-0.227071,0,-0.0282516,-0.0926283,1.01725,2.05454,298888,71021,-0.0565033,0,0.508627,2.22707,1.5708
25.4987,-0.509676,-0.226126,0,-0.0282516,-0.0926283,1.01935,2.05452,299269,71404,-0.0565033,0,0.509676,2.22613,1.5708
25.5487,-0.510722,-0.225175,0,-0.0282516,-0.0926283,1.02144,2.0545,299648,71785,-0.0565033,0,0.510722,2.22518,1.5708
25.5987,-0.511762,-0.22422,0,-0.0282516,-0.0926283,1.02352,2.05448,300025,72164,-0.0565033,0,0.511762,2.22422,1.5708
25.6487,-0.512798,-0.22326,0,-0.0282516,-0.0926283,1.0256,2.05447,300401,72542,-0.0565033,0,0.512798,2.22326,1.5708
25.6988,-0.51383,-0.222295,0,-0.0282516,-0.0926283,1.02766,2.05445,300775,72918,-0.0565033,0,0.51383,2.2223,1.5708
25.7487,-0.514857,-0.221326,0,-0.0282516,-0.0926283,1.02971,2.05443,301147,73293,-0.0565033,0,0.514857,2.22133,1.5708
25.7987,-0.51588,-0.220352,0,-0.0282516,-0.0926283,1.03176,2.05441,301518,73666,-0.0565033,0,0.51588,2.22035,1.5708
25.8487,-0.516899,-0.219373,0,-0.0282516,-0.0926283,1.0338,2.05439,301887,74037,-0.0565033,0,0.516899,2.21937,1.5708
25.8987,-0.517912,-0.218389,0,-0.0282516,-0.0926283,1.03582,2.05437,302255,74407,-0.0565033,0,0.517912,2.21839,1.5708
25.9487,-0.518921,-0.217401,0,-0.0282516,-0.0926283,1.03784,2.05435,302621,74775,-0.0565033,0,0.518921,2.2174,1.5708
25.9987,-0.519926,-0.216407,0,-0.0282516,-0.0926283,1.03985,2.05433,302985,75142,-0.0565033,0,0.519926,2.21641,1.5708
26.0487,-0.520926,-0.215409,0,-0.0282516,-0.0926283,1.04185,2.05431,303348,75506,-0.0565033,0,0.520926,2.21541,1.5708
26.0987,-0.521921,-0.214407,0,-0.0282516,-0.0926283,1.04384,2.05429,303708,75869,-0.0565033,0,0.521921,2.21441,1.5708
26.1487,-0.522912,-0.2134,0,-0.0282516,-0.0926283,1.04582,2.05427,304067,76231,-0.0565033,0,0.522912,2.2134,1.5708
26.1987,-0.523898,-0.212389,0,-0.0282516,-0.0926283,1.0478,2.05425,304425,76590,-0.0565033,0,0.523898,2.21239,1.5708
26.2487,-0.52488,-0.211372,0,-0.0282516,-0.0926283,1.04976,2.05423,304781,76949,-0.0565033,0,0.52488,2.21137,1.5708
26.2987,-0.525856,-0.210352,0,-0.0282516,-0.0926283,1.05171,2.05421,305135,77305,-0.0565033,0,0.525856,2.21035,1.5708
26.3487,-0.526828,-0.209327,0,-0.0282516,-0.0926283,1.05366,2.05419,305487,77659,-0.0565033,0,0.526828,2.20933,1.5708
26.3988,-0.527795,-0.208297,0,-0.0282516,-0.0926283,1.05559,2.05417,305837,78012,-0.0565033,0,0.527795,2.2083,1.5708
26.4487,-0.528757,-0.207263,0,-0.0282516,-0.0926283,1.05751,2.05415,306186,78363,-0.0565033,0,0.528757,2.20726,1.5708
26.4987,-0.529715,-0.206225,0,-0.0282516,-0.0926283,1.05943,2.05412,306533,78712,-0.0565033,0,0.529715,2.20622,1.5708
26.5487,-0.530667,-0.205182,0,-0.0282516,-0.0926283,1.06133,2.0541,306879,79060,-0.0565033,0,0.530667,2.20518,1.5708
26.5988,-0.531616,-0.204134,0,-0.0282516,-0.0926283,1.06323,2.05408,307222,79406,-0.0565033,0,0.531616,2.20413,1.5708
26.6487,-0.532558,-0.203083,0,-0.0282516,-0.0926283,1.06512,2.05406,307564,79750,-0.0565033,0,0.532558,2.20308,1.5708
26.6987,-0.533496,-0.202027,0,-0.0282516,-0.0926283,1.06699,2.05404,307904,80092,-0.0565033,0,0.533496,2.20203,1.5708
26.7487,-0.534429,-0.200966,0,-0.0282516,-0.0926283,1.06886,2.05402,308242,80433,-0.0565033,0,0.534429,2.20097,1.5708
26.7987,-0.535358,-0.199901,0,-0.0282516,-0.0926283,1.07072,2.054,308578,80772,-0.0565033,0,0.535358,2.1999,1.5708
26.8487,-0.536281,-0.198833,0,-0.0282516,-0.0926283,1.07256,2.05398,308913,81108,-0.0565033,0,0.536281,2.19883,1.5708
26.8987,-0.5372,-0.197759,0,-0.0282516,-0.0926283,1.0744,2.05396,309246,81444,-0.0565033,0,0.5372,2.19776,1.5708
26.9487,-0.538113,-0.196682,0,-0.0282516,-0.0926283,1.07623,2.05393,309577,81777,-0.0565033,0,0.538113,2.19668,1.5708
26.9987,-0.539021,-0.1956,0,-0.0282516,-0.0926283,1.07804,2.05391,309906,82108,-0.0565033,0,0.539021,2.1956,1.5708
27.0487,-0.539925,-0.194514,0,-0.0282516,-0.0926283,1.07985,2.05389,310233,82438,-0.0565033,0,0.539925,2.19451,1.5708
27.0987,-0.540823,-0.193424,0,-0.0282516,-0.0926283,1.08165,2.05387,310558,82766,-0.0565033,0,0.540823,2.19342,1.5708
27.1488,-0.541716,-0.192329,0,-0.0282516,-0.0926283,1.08343,2.05385,310882,83092,-0.0565033,0,0.541716,2.19233,1.5708
27.1987,-0.542605,-0.191231,0,-0.0282516,-0.0926283,1.08521,2.05382,311204,83416,-0.0565033,0,0.542605,2.19123,1.5708
27.2487,-0.543488,-0.190129,0,-0.0282516,-0.0926283,1.08698,2.0538,311524,83739,-0.0565033,0,0.543488,2.19013,1.5708
27.2988,-0.544367,-0.189021,0,-0.0282516,-0.0926283,1.08873,2.05378,311842,84059,-0.0565033,0,0.544367,2.18902,1.5708
27.3487,-0.545239,-0.187911,0,-0.0282516,-0.0926283,1.09048,2.05376,312158,84378,-0.0565033,0,0.545239,2.18791,1.5708
27.3987,-0.546106,-0.186797,0,-0.0282516,-0.0926283,1.09221,2.05374,312472,84695,-0.0565033,0,0.546106,2.1868,1.5708
27.4487,-0.546969,-0.185678,0,-0.0282516,-0.0926283,1.09394,2.05371,312785,85009,-0.0565033,0,0.546969,2.18568,1.5708
27.4987,-0.547826,-0.184556,0,-0.0282516,-0.0926283,1.09565,2.05369,313095,85322,-0.0565033,0,0.547826,2.18456,1.5708
27.5487,-0.548678,-0.183429,0,-0.0282516,-0.0926283,1.09736,2.05367,313404,85634,-0.0565033,0,0.548678,2.18343,1.5708
27.5988,-0.549525,-0.182298,0,-0.0282516,-0.0926283,1.09905,2.05365,313711,85943,-0.0565033,0,0.549525,2.1823,1.5708
27.6487,-0.550367,-0.181164,0,-0.0282516,-0.0926283,1.10073,2.05362,314015,86250,-0.0565033,0,0.550367,2.18116,1.5708
27.6988,-0.551204,-0.180025,0,-0.0282516,-0.0926283,1.10241,2.0536,314318,86556,-0.0565033,0,0.551204,2.18002,1.5708
27.7487,-0.552034,-0.178883,0,-0.0282516,-0.0926283,1.10407,2.05358,314619,86859,-0.0565033,0,0.552034,2.17888,1.5708
27.7987,-0.55286,-0.177737,0,-0.0282516,-0.0926283,1.10572,2.05355,314918,87161,-0.0565033,0,0.55286,2.17774,1.5708
27.8487,-0.553681,-0.176588,0,-0.0282516,-0.0926283,1.10736,2.05353,315215,87460,-0.0565033,0,0.553681,2.17659,1.5708
27.8987,-0.554496,-0.175434,0,-0.0282516,-0.0926283,1.10899,2.05351,315510,87758,-0.0565033,0,0.554496,2.17543,1.5708
27.9488,-0.555306,-0.174276,0,-0.0282516,-0.0926283,1.11061,2.05349,315804,88054,-0.0565033,0,0.555306,2.17428,1.5708
27.9987,-0.55611,-0.173115,0,-0.0282516,-0.0926283,1.11222,2.05346,316095,88347,-0.0565033,0,0.55611,2.17312,1.5708
28.0487,-0.556909,-0.171951,0,-0.0282516,-0.0926283,1.11382,2.05344,316384,88639,-0.0565033,0,0.556909,2.17195,1.5708
28.0987,-0.557703,-0.170782,0,-0.0282516,-0.0926283,1.11541,2.05342,316672,88929,-0.0565033,0,0.557703,2.17078,1.5708
28.1488,-0.558491,-0.16961,0,-0.0282516,-0.0926283,1.11698,2.05339,316957,89217,-0.0565033,0,0.558491,2.16961,1.5708
28.1987,-0.559274,-0.168434,0,-0.0282516,-0.0926283,1.11855,2.05337,317240,89503,-0.0565033,0,0.559274,2.16843,1.5708
28.2487,-0.560051,-0.167255,0,-0.0282516,-0.0926283,1.1201,2.05335,317522,89787,-0.0565033,0,0.560051,2.16725,1.5708
28.2987,-0.560823,-0.166072,0,-0.0282516,-0.0926283,1.12165,2.05332,317801,90069,-0.0565033,0,0.560823,2.16607,1.5708
28.3487,-0.56159,-0.164885,0,-0.0282516,-0.0926283,1.12318,2.0533,318078,90349,-0.0565033,0,0.56159,2.16489,1.5708
28.3987,-0.562351,-0.163695,0,-0.0282516,-0.0926283,1.1247,2.05327,318354,90627,-0.0565033,0,0.562351,2.16369,1.5708
28.4487,-0.563106,-0.162501,0,-0.0282516,-0.0926283,1.12621,2.05325,318627,90903,-0.0565033,0,0.563106,2.1625,1.5708
28.4987,-0.563856,-0.161304,0,-0.0282516,-0.0926283,1.12771,2.05323,318898,91177,-0.0565033,0,0.563856,2.1613,1.5708
28.5487,-0.5646,-0.160103,0,-0.0282516,-0.0926283,1.1292,2.0532,319168,91449,-0.0565033,0,0.5646,2.1601,1.5708
28.5987,-0.565339,-0.158899,0,-0.0282516,-0.0926283,1.13068,2.05318,319435,91719,-0.0565033,0,0.565339,2.1589,1.5708
28.6487,-0.566072,-0.157692,0,-0.0282516,-0.0926283,1.13214,2.05315,319700,91987,-0.0565033,0,0.566072,2.15769,1.5708
28.6987,-0.566799,-0.156481,0,-0.0282516,-0.0926283,1.1336,2.05313,319963,92253,-0.0565033,0,0.566799,2.15648,1.5708
28.7488,-0.567522,-0.155267,0,-0.0282516,-0.0926283,1.13504,2.05311,320225,92517,-0.0565033,0,0.567522,2.15527,1.5708
28.7987,-0.568238,-0.15405,0,-0.0282516,-0.0926283,1.13648,2.05308,320484,92779,-0.0565033,0,0.568238,2.15405,1.5708
28.8488,-0.568948,-0.152828,0,-0.0282516,-0.0926283,1.1379,2.05306,320741,93038,-0.0565033,0,0.568948,2.15283,1.5708
28.8987,-0.569653,-0.151605,0,-0.0282516,-0.0926283,1.13931,2.05303,320996,93296,-0.0565033,0,0.569653,2.1516,1.5708
28.9487,-0.570353,-0.150377,0,-0.0282516,-0.0926283,1.14071,2.05301,321249,93552,-0.0565033,0,0.570353,2.15038,1.5708
28.9987,-0.571046,-0.149146,0,-0.0282516,-0.0926283,1.14209,2.05298,321500,93805,-0.0565033,0,0.571046,2.14915,1.5708
29.0488,-0.571735,-0.147912,0,-0.0282516,-0.0926283,1.14347,2.05296,321749,94057,-0.0565033,0,0.571735,2.14791,1.5708
29.0987,-0.572416,-0.146676,0,-0.0282516,-0.0926283,1.14483,2.05293,321995,94306,-0.0565033,0,0.572416,2.14668,1.5708
29.1487,-0.573093,-0.145436,0,-0.0282516,-0.0926283,1.14619,2.05291,322240,94554,-0.0565033,0,0.573093,2.14544,1.5708
29.1987,-0.573763,-0.144193,0,-0.0282516,-0.0926283,1.14753,2.05288,322482,94799,-0.0565033,0,0.573763,2.14419,1.5708
29.2487,-0.574429,-0.142945,0,-0.0282516,-0.0926283,1.14886,2.05286,322723,95042,-0.0565033,0,0.574429,2.14295,1.5708
29.2988,-0.575088,-0.141697,0,-0.0282516,-0.0926283,1.15018,2.05283,322961,95283,-0.0565033,0,0.575088,2.1417,1.5708
29.3487,-0.575741,-0.140445,0,-0.0282516,-0.0926283,1.15148,2.05281,323197,95522,-0.0565033,0,0.575741,2.14044,1.5708
29.3987,-0.576388,-0.139189,0,-0.0282516,-0.0926283,1.15278,2.05278,323431,95759,-0.0565033,0,0.576388,2.13919,1.5708
29.4487,-0.57703,-0.137931,0,-0.0282516,-0.0926283,1.15406,2.05276,323663,95994,-0.0565033,0,0.57703,2.13793,1.5708
29.4988,-0.577667,-0.136669,0,-0.0282516,-0.0926283,1.15533,2.05273,323893,96227,-0.0565033,0,0.577667,2.13667,1.5708
29.5487,-0.578296,-0.135405,0,-0.0282516,-0.0926283,1.15659,2.05271,324121,96457,-0.0565033,0,0.578296,2.13541,1.5708
29.5987,-0.57892,-0.134138,0,-0.0282516,-0.0926283,1.15784,2.05268,324346,96685,-0.0565033,0,0.57892,2.13414,1.5708
29.6488,-0.579539,-0.132868,0,-0.0282516,-0.0926283,1.15908,2.05266,324570,96912,-0.0565033,0,0.579539,2.13287,1.5708
29.6987,-0.580151,-0.131595,0,-0.0282516,-0.0926283,1.1603,2.05263,324791,97136,-0.0565033,0,0.580151,2.13159,1.5708
29.7487,-0.580758,-0.130318,0,-0.0282516,-0.0926283,1.16152,2.05261,325010,97358,-0.0565033,0,0.580758,2.13032,1.5708
29.7988,-0.581358,-0.129041,0,-0.0282516,-0.0926283,1.16272,2.05258,325227,97577,-0.0565033,0,0.581358,2.12904,1.5708
29.8487,-0.581953,-0.127759,0,-0.0282516,-0.0926283,1.16391,2.05256,325442,97795,-0.0565033,0,0.581953,2.12776,1.5708
29.8988,-0.582542,-0.126475,0,-0.0282516,-0.0926283,1.16508,2.05253,325655,98011,-0.0565033,0,0.582542,2.12648,1.5708
29.9487,-0.583124,-0.125188,0,-0.0282516,-0.0926283,1.16625,2.0525,325865,98224,-0.0565033,0,0.583124,2.12519,1.5708
29.9988,-0.583701,-0.123899,0,-0.0282516,-0.0926283,1.1674,2.05248,326073,98435,-0.0565033,0,0.583701,2.1239,1.5708
30.0487,-0.584272,-0.122607,0,-0.0282516,-0.0926283,1.16854,2.05245,326280,98644,-0.0565033,0,0.584272,2.12261,1.5708
30.0988,-0.584837,-0.121312,0,-0.0282516,-0.0926283,1.16967,2.05243,326483,98851,-0.0565033,0,0.584837,2.12131,1.5708
30.1487,-0.585396,-0.120015,0,-0.0282516,-0.0926283,1.17079,2.0524,326685,99056,-0.0565033,0,0.585396,2.12001,1.5708
30.1988,-0.585949,-0.118715,0,-0.0282516,-0.0926283,1.1719,2.05237,326885,99258,-0.0565033,0,0.585949,2.11872,1.5708
30.2487,-0.586495,-0.117412,0,-0.0282516,-0.0926283,1.17299,2.05235,327082,99458,-0.0565033,0,0.586495,2.11741,1.5708
30.2988,-0.587036,-0.116108,0,-0.0282516,-0.0926283,1.17407,2.05232,327277,99656,-0.0565033,0,0.587036,2.11611,1.5708
30.3487,-0.587571,-0.1148,0,-0.0282516,-0.0926283,1.17514,2.0523,327470,99852,-0.0565033,0,0.587571,2.1148,1.5708
30.3988,-0.588099,-0.11349,0,-0.0282516,-0.0926283,1.1762,2.05227,327661,100046,-0.0565033,0,0.588099,2.11349,1.5708
30.4487,-0.588622,-0.112178,0,-0.0282516,-0.0926283,1.17724,2.05224,327850,100238,-0.0565033,0,0.588622,2.11218,1.5708
30.4988,-0.589139,-0.110863,0,-0.0282516,-0.0926283,1.17828,2.05222,328036,100427,-0.0565033,0,0.589139,2.11086,1.5708
30.5487,-0.589649,-0.109546,0,-0.0282516,-0.0926283,1.1793,2.05219,328220,100614,-0.0565033,0,0.589649,2.10955,1.5708
30.5988,-0.590153,-0.108226,0,-0.0282516,-0.0926283,1.18031,2.05216,328402,100799,-0.0565033,0,0.590153,2.10823,1.5708
30.6487,-0.590651,-0.106905,0,-0.0282516,-0.0926283,1.1813,2.05214,328582,100981,-0.0565033,0,0.590651,2.1069,1.5708
30.6988,-0.591143,-0.10558,0,-0.0282516,-0.0926283,1.18229,2.05211,328759,101162,-0.0565033,0,0.591143,2.10558,1.5708
30.7487,-0.591629,-0.104254,0,-0.0282516,-0.0926283,1.18326,2.05209,328935,101340,-0.0565033,0,0.591629,2.10425,1.5708
30.7988,-0.592109,-0.102926,0,-0.0282516,-0.0926283,1.18422,2.05206,329108,101516,-0.0565033,0,0.592109,2.10293,1.5708
30.8487,-0.592583,-0.101595,0,-0.0282516,-0.0926283,1.18517,2.05203,329278,101690,-0.0565033,0,0.592583,2.10159,1.5708
30.8988,-0.593051,-0.100258,0,-0.0282516,-0.0926283,1.1861,2.05201,329447,101861,-0.0565033,0,0.593051,2.10026,1.5708
30.9487,-0.593511,-0.0989268,0,-0.0282516,-0.0926283,1.18702,2.05198,329613,102030,-0.0565033,0,0.593511,2.09893,1.5708
30.9988,-0.593967,-0.0975881,0,-0.0282516,-0.0926283,1.18793,2.05195,329777,102197,-0.0565033,0,0.593967,2.09759,1.5708
31.0488,-0.594416,-0.0962487,0,-0.0282516,-0.0926283,1.18883,2.05192,329939,102362,-0.0565033,0,0.594416,2.09625,1.5708
31.0988,-0.594858,-0.0949073,0,-0.0282516,-0.0926283,1.18972,2.0519,330098,102524,-0.0565033,0,0.594858,2.09491,1.5708
